"NOMBRE","CODIGOMATERIA","UNIDAD","BLOQUE"
"QUIMIOMETRIA","ESTP1033       ","Facultad de Ciencias Naturales y Matemáticas","9M "
"DISEÑO DE CIMENTACIONES SUPERFICIALES Y PROFUNDAS","ARQP1014       ","Facultad de Ingeniería en Ciencias de la Tierra","9M "
"INTRODUCCIÓN A LA INDUSTRIA HIDROCARBURÍFERA","PETG1032       ","Facultad de Ingeniería en Ciencias de la Tierra","13H"
"ESTRATIGRAFIA Y SEDIMENTACIÓN","GEOG1028       ","Facultad de Ingeniería en Ciencias de la Tierra","13H"
"PATOLOGÍA ACUÍCOLA I","ACUG1057       ","Facultad de Ingeniería Marítima y Ciencias del Mar","5K "
"GEOMÁTICA","ARQG2040       ","Facultad de Ciencias Sociales y Humanísticas","13C"
"PETROFÍSICA","PETG1027       ","Facultad de Ingeniería en Ciencias de la Tierra","13H"
"CLIMATOLOGÍA Y METEOROLOGÍA","OCEG1030       ","Facultad de Ingeniería Marítima y Ciencias del Mar","5K "
"MATERIA INTEGRADORA DE ESTADÍSTICA","ESTG1062       ","Facultad de Ciencias Naturales y Matemáticas","FCNM"
"ESTRUCTURA Y CARACTERIZACIÓN DE MATERIALES","MTRG1028       ","Facultad de Ingeniería en Mecánica y Ciencias de la Producción","12E"
"MÉTODOS GEOFÍSICOS","GEOG1040       ","Facultad de Ingeniería en Ciencias de la Tierra","13H"
"GEOLOGÍA DEL PETRÓLEO","GEOG1031       ","Facultad de Ingeniería en Ciencias de la Tierra","13H"
"GEOMORFOLOGIA","GEOG1034       ","Facultad de Ingeniería en Ciencias de la Tierra","13H"
"BIOGEOQUÍMICA MARINA","OCEG1029       ","Facultad de Ingeniería Marítima y Ciencias del Mar","5K "
"FUNDAMENTOS DE INGENIERÍA OCEANOGRÁFICA","OCEG1035       ","Facultad de Ingeniería Marítima y Ciencias del Mar","5K "
"PROYECTOS DE INVESTIGACIÓN ARQUEOLÓGICA","ARQG2023       ","Facultad de Ciencias Sociales y Humanísticas","9F "
"CAMPO DE ANTROPOLOGÍA SOCIOCULTURAL I","ARQG2036       ","Facultad de Ciencias Sociales y Humanísticas","FCSH"
"PERFORACIÓN","PETG1025       ","Facultad de Ingeniería en Ciencias de la Tierra","13H"
"VULNERABILIDAD Y RIESGO GEOLÓGICO","GEOG1050       ","Facultad de Ingeniería en Ciencias de la Tierra","13H"
"HERRAMIENTAS PARA EL DIAGNÓSTICO DE ENFERMEDADES ACUÍCOLAS","ACUG1043       ","Facultad de Ingeniería Marítima y Ciencias del Mar","5K "
"EVALUACIÓN DE PROYECTOS HIDROCARBURÍFEROS","ECOG1009       ","Facultad de Ingeniería en Ciencias de la Tierra","FICT"
"SEGURIDAD MINERA","MING1037       ","Facultad de Ingeniería en Ciencias de la Tierra","FICT"
"VENTILACIÓN, DRENAJE Y SISTEMAS ELÉCTRICOS","MING1032       ","Facultad de Ingeniería en Ciencias de la Tierra","FICT"
"DISEÑO DE MATERIALES COMPUESTOS","MTRG1027       ","Facultad de Ingeniería en Mecánica y Ciencias de la Producción","12H"
"CALIDAD Y EFICIENCIA ENERGÉTICA","INGP1059       ","Facultad de Ingeniería en Electricidad y Computación","FIEC"
"GEOMÁTICA MINERA","MING1026       ","Facultad de Ingeniería en Ciencias de la Tierra","13H"
"INGENIERÍA GEOLÓGICA","GEOG1037       ","Facultad de Ingeniería en Ciencias de la Tierra","13H"
"ANTROPOLOGÍA BIOLÓGICA","ARQG2020       ","Facultad de Ciencias Sociales y Humanísticas","9F "
"PRODUCCIÓN ACUICOLA I","ACUG1046       ","Facultad de Ingeniería Marítima y Ciencias del Mar","CENAIM"
"PROPIEDADES DE HIDROCARBUROS Y COMPORTAMIENTO DE FASES","PETG1031       ","Facultad de Ingeniería en Ciencias de la Tierra","13H"
"EXPLOTACIÓN SUBTERRÁNEA","MING1024       ","Facultad de Ingeniería en Ciencias de la Tierra","13H"
"OCEANOGRAFÍA FÍSICA","OCEG1050       ","Facultad de Ingeniería Marítima y Ciencias del Mar","5K "
"OCEANOGRAFÍA DESCRIPTIVA","OCEG1051       ","Facultad de Ingeniería Marítima y Ciencias del Mar","5K "
"ECUACIONES EN DERIVADAS PARCIALES","MATG1083       ","Facultad de Ciencias Naturales y Matemáticas","8G "
"TECTONICA","GEOG1048       ","Facultad de Ingeniería en Ciencias de la Tierra","13H"
"DANZA","ARTG2034       ","Facultad de Arte, Diseño y Comunicación Audiovisual","9F "
"INTRODUCCIÓN A LA INGENIERÍA EN MATERIALES","MTRG1032       ","Facultad de Ingeniería en Mecánica y Ciencias de la Producción","12E"
"MATERIA INTEGRADORA EN ARQUEOLOGÍA","ARQG2024       ","Facultad de Ciencias Sociales y Humanísticas","13C"
"PLANEAMIENTO Y DISEÑO MINERO","MING1031       ","Facultad de Ingeniería en Ciencias de la Tierra","13H"
"PERFORACIÓN Y VOLADURA","MING1030       ","Facultad de Ingeniería en Ciencias de la Tierra","13H"
"EXPLOTACIÓN A CIELO ABIERTO","MING1040       ","Facultad de Ingeniería en Ciencias de la Tierra","13H"
"PROCESOS ESTOCÁSTICOS","ESTG1048       ","Facultad de Ciencias Naturales y Matemáticas","9M "
"FÍSICA: TERMODINÁMICA Y ÓPTICA","FISG1009       ","Facultad de Ciencias Naturales y Matemáticas","9M "
"PETROGRAFÍA","MING1036       ","Facultad de Ingeniería en Ciencias de la Tierra","FICT"
"GEOTECNIA MINERA","MING1027       ","Facultad de Ingeniería en Ciencias de la Tierra","13H"
"MORFOLOGÍA Y FISIOLOGÍA DE ORGANISMOS ACUÍCOLAS","ACUG1052       ","Facultad de Ingeniería Marítima y Ciencias del Mar","5K "
"BUENAS PRÁCTICAS EN ACUICULTURA","ACUG1059       ","Facultad de Ingeniería Marítima y Ciencias del Mar","5K "
"CONSTRUCCIÓN NAVAL CON MATERIALES COMPUESTOS","NAVG1026       ","Facultad de Ingeniería Marítima y Ciencias del Mar","5K "
"ANÁLISIS DE FALLAS Y SELECCIÓN DE MATERIALES","MTRG1023       ","Facultad de Ingeniería en Mecánica y Ciencias de la Producción","12H"
"GEOLOGÍA GENERAL","GEOG1033       ","Facultad de Ingeniería en Ciencias de la Tierra","13H"
"FUNDAMENTOS DE INGENIERÍA ACUÍCOLA","ACUG1042       ","Facultad de Ingeniería Marítima y Ciencias del Mar","5K "
"OPTIMIZACIÓN LINEAL","MATG1057       ","Facultad de Ciencias Naturales y Matemáticas","9I "
"INGENIERÍA DE CERÁMICOS","MTRG1029       ","Facultad de Ingeniería en Mecánica y Ciencias de la Producción","12H"
"HIDROGEOLOGÍA","GEOG1036       ","Facultad de Ingeniería en Ciencias de la Tierra","13H"
"ANÁLISIS DE DATOS ACUÍCOLAS","ACUG1036       ","Facultad de Ingeniería Marítima y Ciencias del Mar","5K "
"MATERIA INTEGRADORA DE MINAS","MING1039       ","Facultad de Ingeniería en Ciencias de la Tierra","FICT"
"TELEDETECCIÓN","GEOG1049       ","Facultad de Ingeniería en Ciencias de la Tierra","13G"
"ECONOMIA DEL CRECIMIENTO Y DESARROLLO ","ECOP2056       ","Facultad de Ciencias Sociales y Humanísticas","FCNM"
"ECONOMIA DEL CRECIMIENTO Y DESARROLLO ","ECOP2056       ","Facultad de Ciencias Sociales y Humanísticas","FCSH"
"INGENIERÍA DE YACIMIENTOS I","PETG1023       ","Facultad de Ingeniería en Ciencias de la Tierra","FICT"
"SISTEMAS DINÁMICOS PARA LA TOMA DE DECISIONES","INGP1032       ","Facultad de Ingeniería en Electricidad y Computación","11A"
"SISTEMAS DE CONTROL EMBEBIDOS (14 AL 30 OCT 2002)","INGP1043       ","Facultad de Ingeniería en Electricidad y Computación","11A"
"CORROSIÓN Y DEGRADACIÓN DE MATERIALES","MTRG1026       ","Facultad de Ingeniería en Mecánica y Ciencias de la Producción","12E"
"MINERALOGÍA ÓPTICA","GEOG1042       ","Facultad de Ingeniería en Ciencias de la Tierra","13B"
"LABORATORIO DE ARQUEOLOGÍA II","ARQG2026       ","Facultad de Ciencias Sociales y Humanísticas","13C"
"TRANSPORTE MULTIMODAL","LOGG1016       ","Facultad de Ciencias Naturales y Matemáticas","8G "
"MÉTODOS ROBUSTOS Y NO PARAMÉTRICOS","ESTG1054       ","Facultad de Ciencias Naturales y Matemáticas","9M "
"SOLDADURA Y ENSAYOS NO DESTRUCTIVOS","MTRG1036       ","Facultad de Ingeniería en Mecánica y Ciencias de la Producción","12H"
"PRIMER POBLAMIENTO AMERICANO","ARQG2038       ","Facultad de Ciencias Sociales y Humanísticas","13C"
"DEPÓSITOS MINERALES","GEOG1026       ","Facultad de Ingeniería en Ciencias de la Tierra","13H"
"INGENIERÍA DE PRODUCCIÓN I","PETG1021       ","Facultad de Ingeniería en Ciencias de la Tierra","13H"
"PALEONTOLOGÍA APLICADA","GEOG1044       ","Facultad de Ingeniería en Ciencias de la Tierra","13H"
"COMPLETACIÓN Y REACONDICIONAMIENTO DE POZOS","PETG1020       ","Facultad de Ingeniería en Ciencias de la Tierra","13H"
"DIAGNÓSTICO Y PROTECCIÓN VEGETAL I","AGRG1025       ","Facultad de Ciencias de la Vida","3H "
"ARQUEOLOGÍA SOCIAL LATINOAMERICANA","ARQG2035       ","Facultad de Ciencias Sociales y Humanísticas","9F "
"ARQUEOLOGÍA DEL ECUADOR II","ARQG2025       ","Facultad de Ciencias Sociales y Humanísticas","9F "
"PRODUCCIÓN VEGETAL I","AGRG1032       ","Facultad de Ciencias de la Vida","GEA"
"TRANSFORMACIONES DE FASES","MTRG1039       ","Facultad de Ingeniería en Mecánica y Ciencias de la Producción","12E"
"SÍNTESIS DE MATERIALES","MTRG1038       ","Facultad de Ingeniería en Mecánica y Ciencias de la Producción","12H"
"ANTROPOLOGÍA NUTRICIONAL","MEDG2012       ","Facultad de Ciencias de la Vida","3H "
"MATERIA INTEGRADORA DE MATEMÁTICA","MATG1086       ","Facultad de Ciencias Naturales y Matemáticas","FCNM"
"MACHINE LEARNING","TICP1020       ","Facultad de Ingeniería en Electricidad y Computación","FIEC"
"NUTRICIÓN ACUÍCOLA","ACUG1051       ","Facultad de Ingeniería Marítima y Ciencias del Mar","5K "
"AGROECOSISTEMAS","AGRG1023       ","Facultad de Ciencias de la Vida","GEA"
"PETROLOGÍA ÍGNEA Y METAMÓRFICA","GEOG1046       ","Facultad de Ingeniería en Ciencias de la Tierra","13B"
"EVALUACIÓN DE YACIMIENTOS MINERALES","GEOG1029       ","Facultad de Ingeniería en Ciencias de la Tierra","13H"
"INGENIERÍA PARA LA ACUICULTURA I","ACUG1050       ","Facultad de Ingeniería Marítima y Ciencias del Mar","5K "
"DISEÑO DE BUQUES","NAVG1028       ","Facultad de Ingeniería Marítima y Ciencias del Mar","5K "
"MANEJO ACUÍCOLA","ACUG1053       ","Facultad de Ingeniería Marítima y Ciencias del Mar","5K "
"INTRODUCCIÓN A LA ACUICULTURA","ACUG1054       ","Facultad de Ingeniería Marítima y Ciencias del Mar","5K "
"ESTADÍSTICA MULTIVARIANTE","ESTG1042       ","Facultad de Ciencias Naturales y Matemáticas","9C "
"ARQUEOLOGÍA DEL VIEJO MUNDO","ARQG2034       ","Facultad de Ciencias Sociales y Humanísticas","9F "
"TEORÍA ANTROPOLÓGICA Y ARQUEOLÓGICA","ARQG2039       ","Facultad de Ciencias Sociales y Humanísticas","FCSH"
"INGENIERÍA DE PRODUCCIÓN II","PETG1022       ","Facultad de Ingeniería en Ciencias de la Tierra","13H"
"EDAFOLOGÍA","AGRG1026       ","Facultad de Ciencias de la Vida","3H "
"GENOTECNIA","MEDG1022       ","Facultad de Ciencias de la Vida","3H "
"CULTIVO DE PLANCTON","ACUG1040       ","Facultad de Ingeniería Marítima y Ciencias del Mar","5K "
"ADMINISTRACIÓN DE LA PRODUCCIÓN DE ALIMENTOS ","INDP1027       ","Facultad de Ingeniería en Mecánica y Ciencias de la Producción","8G "
"DISEÑO DE EXPERIMENTOS","ESTG1050       ","Facultad de Ciencias Naturales y Matemáticas","9I "
"DANZA FOLCLÓRICA","ARTG2036       ","Facultad de Arte, Diseño y Comunicación Audiovisual","14B"
"GEOMECÁNICA","MING1035       ","Facultad de Ingeniería en Ciencias de la Tierra","13H"
"PREPARACIÓN MECÁNICA","MING1041       ","Facultad de Ingeniería en Ciencias de la Tierra","13H"
"PERFORACIÓN DIRECCIONAL","PETG1026       ","Facultad de Ingeniería en Ciencias de la Tierra","13H"
"EVALUACIÓN DE FORMACIONES II","PETG1034       ","Facultad de Ingeniería en Ciencias de la Tierra","13H"
"DIBUJO TÉCNICO Y PLANOS","CIVG1035       ","Facultad de Ingeniería en Ciencias de la Tierra","13H"
"ESTADÍSTICA BAYESIANA","ESTG1047       ","Facultad de Ciencias Naturales y Matemáticas","9M "
"SOFTWARE EN INGENIERÍA EN PETRÓLEO","PETG1029       ","Facultad de Ingeniería en Ciencias de la Tierra","13G"
"DISEÑO DE PRODUCTOS IV","DING2026       ","Facultad de Arte, Diseño y Comunicación Audiovisual","14B"
"CONTROL ESTADÍSTICO DE PROCESOS","ESTG1043       ","Facultad de Ciencias Naturales y Matemáticas","9I "
"OPTIMIZACIÓN COMBINATORIA","MATG1059       ","Facultad de Ciencias Naturales y Matemáticas","9I "
"SEÑALES Y SISTEMAS","TELG1037       ","Facultad de Ingeniería en Electricidad y Computación","11D"
"DISTRIBUCIÓN ELÉCTRICA I","ELEG1032       ","Facultad de Ingeniería en Electricidad y Computación","11F"
"HSEQ EN LA INDUSTRIA HIDROCARBURÍFERA","INDG1061       ","Facultad de Ingeniería en Mecánica y Ciencias de la Producción","13G"
"INGENIERÍA DE YACIMIENTOS II","PETG1024       ","Facultad de Ingeniería en Ciencias de la Tierra","13H"
"GESTIÓN DE DRAGADOS","OCEG1037       ","Facultad de Ingeniería Marítima y Ciencias del Mar","5K "
"TRANSPORTE MARÍTIMO","NAVG1035       ","Facultad de Ingeniería Marítima y Ciencias del Mar","5K "
"ELEMENTOS DE COMPUTACIÓN CIENTÍFICA","MATG1082       ","Facultad de Ciencias Naturales y Matemáticas","9I "
"AGENCIAS DE VIAJE","TURG2018       ","Facultad de Ciencias Sociales y Humanísticas","FCSH"
"COMPORTAMIENTO MECÁNICO","MTRG1025       ","Facultad de Ingeniería en Mecánica y Ciencias de la Producción","12E"
"MATERIA INTEGRADORA PARA PETRÓLEOS","PETG1033       ","Facultad de Ingeniería en Ciencias de la Tierra","13H"
"DISEÑO DE CAMPO GEOLÓGICO","GEOG1027       ","Facultad de Ingeniería en Ciencias de la Tierra","13B"
"LABORATORIO DE ARQUEOLOGÍA I","ARQG2029       ","Facultad de Ciencias Sociales y Humanísticas","13C"
"SISTEMAS ACUÍCOLAS","ACUG1048       ","Facultad de Ingeniería Marítima y Ciencias del Mar","5K "
"CONTAMINACIÓN MARINA","OCEG1032       ","Facultad de Ingeniería Marítima y Ciencias del Mar","5K "
"GESTIÓN MARÍTIMA PORTUARIA","NAVG1033       ","Facultad de Ingeniería Marítima y Ciencias del Mar","5K "
"TEORÍA DEL TURISMO","TURG2036       ","Facultad de Ciencias Sociales y Humanísticas","9B "
"LOGÍSTICA II","LOGG1018       ","Facultad de Ciencias Naturales y Matemáticas","9C "
"LOGÍSTICA I","LOGG1017       ","Facultad de Ciencias Naturales y Matemáticas","9C "
"ARQUEOLOGÍA DE LAS TIERRAS BAJAS DE SUDAMÉRICA Y DEL CARIBE","ARQG2032       ","Facultad de Ciencias Sociales y Humanísticas","9F "
"LOGÍSTICA I","LOGG1017       ","Facultad de Ciencias Naturales y Matemáticas","9M "
"MATERIA INTEGRADORA DE TURISMO","TURG2029       ","Facultad de Ciencias Sociales y Humanísticas","FCSH"
"PROPIEDADES  FUNCIONALES DE LOS  MATERIALES","MTRG1037       ","Facultad de Ingeniería en Mecánica y Ciencias de la Producción","12E"
"INGENIERÍA DE TÚNELES","MING1042       ","Facultad de Ingeniería en Ciencias de la Tierra","13H"
"MATERIA INTEGRADORA DE BIOLOGÍA","BIOG1027       ","Facultad de Ciencias de la Vida","3D "
"INGENIERÍA PARA LA ACUICULTURA II","ACUG1049       ","Facultad de Ingeniería Marítima y Ciencias del Mar","5K "
"GEOLOGÍA MARINA","OCEG1036       ","Facultad de Ingeniería Marítima y Ciencias del Mar","5K "
"MEDIDA Y PROBABILIDAD","ESTG1038       ","Facultad de Ciencias Naturales y Matemáticas","8G "
"TEORÍA DE LA MEDIDA","MATG1077       ","Facultad de Ciencias Naturales y Matemáticas","9I "
"GESTIÓN DE PROYECTOS Y REGULACIÓN EN TELECOMUNICACIONES","ADMG1006       ","Facultad de Ingeniería en Electricidad y Computación","11A"
"MATERIA INTEGRADORA DE MATERIALES","MTRG1034       ","Facultad de Ingeniería en Mecánica y Ciencias de la Producción","12E"
"ANÁLISIS DE ALIMENTOS","ALIG1029       ","Facultad de Ingeniería en Mecánica y Ciencias de la Producción","12H"
"ARQUEOLOGÍA ANDINOAMERICANA","ARQG2031       ","Facultad de Ciencias Sociales y Humanísticas","13C"
"GEOLOGIA DE ECUADOR","GEOG1030       ","Facultad de Ingeniería en Ciencias de la Tierra","13H"
"EVALUACIÓN DE FORMACIONES I","PETG1030       ","Facultad de Ingeniería en Ciencias de la Tierra","13H"
"ELECTRICIDAD Y ELECTRÓNICA PARA BUQUES","NAVG1029       ","Facultad de Ingeniería Marítima y Ciencias del Mar","5K "
"MATERIA INTEGRADORA DE INGENIERÍA AGRÍCOLA Y BIOLÓGICA","AGRG1029       ","Facultad de Ciencias de la Vida","GEA"
"MATERIALES Y MANUFACTURA II","DING2034       ","Facultad de Arte, Diseño y Comunicación Audiovisual","FADCOM"
"MATERIA INTEGRADORA DE MECÁNICA","MECG1066       ","Facultad de Ingeniería en Mecánica y Ciencias de la Producción","FIMCP"
"NANOTECNOLOGÍA Y NANOMATERIALES","MTRG1041       ","Facultad de Ingeniería en Mecánica y Ciencias de la Producción","12E"
"TERMODINÁMICA DE MATERIALES","MTRG1040       ","Facultad de Ingeniería en Mecánica y Ciencias de la Producción","12E"
"INOCUIDAD ALIMENTARIA","ALIG1039       ","Facultad de Ingeniería en Mecánica y Ciencias de la Producción","12H"
"GEOLOGÍA ESTRUCTURAL","GEOG1032       ","Facultad de Ingeniería en Ciencias de la Tierra","13H"
"MATERIA INTEGRADORA DE INGENIERÍA CIVIL","CIVG1054       ","Facultad de Ingeniería en Ciencias de la Tierra","13H"
"GEOMETRÍA DIFERENCIAL","MATG1080       ","Facultad de Ciencias Naturales y Matemáticas","9I "
"TÉCNICAS DE MUESTREO Y ANÁLISIS MULTIVARIADO","ESTG1040       ","Facultad de Ciencias Naturales y Matemáticas","9M "
"MATERIA INTEGRADORA DE ECONOMÍA","ECOG2053       ","Facultad de Ciencias Sociales y Humanísticas","FCSH"
"MATERIA INTEGRADORA DE ADMINISTRACIÓN DE EMPRESAS","ADMG2031       ","Facultad de Ciencias Sociales y Humanísticas","FCSH"
"ARQUEOLOGÍA DEL ECUADOR I","ARQG2033       ","Facultad de Ciencias Sociales y Humanísticas","13C"
"SIMULACIÓN DE RESERVORIOS","PETG1028       ","Facultad de Ingeniería en Ciencias de la Tierra","13G"
"PROTOTIPADO AVANZADO","DING2038       ","Facultad de Arte, Diseño y Comunicación Audiovisual","14B"
"OCEANOGRAFÍA PESQUERA","OCEG1042       ","Facultad de Ingeniería Marítima y Ciencias del Mar","5K "
"MATERIA INTEGRADORA DE OCEANOGRAFÍA","OCEG1043       ","Facultad de Ingeniería Marítima y Ciencias del Mar","5K "
"MODELOS ESTADÍSTICOS APLICADOS II","ESTG1046       ","Facultad de Ciencias Naturales y Matemáticas","8G "
"FUNDAMENTOS DE OPTIMIZACIÓN","MATG1072       ","Facultad de Ciencias Naturales y Matemáticas","8G "
"ARQUEOLOGÍA DE MESOAMÉRICA","ARQG2021       ","Facultad de Ciencias Sociales y Humanísticas","9F "
"ECOSISTEMAS ACUÍCOLAS","ACUG1041       ","Facultad de Ingeniería Marítima y Ciencias del Mar","5K "
"DATOS CATEGÓRICOS","ESTG1044       ","Facultad de Ciencias Naturales y Matemáticas","8G "
"APRENDIZAJE ESTADÍSTICO","ESTG1055       ","Facultad de Ciencias Naturales y Matemáticas","9C "
"MATEMÁTICA APLICADA A LA INGENIERÍA","MATG1053       ","Facultad de Ciencias Naturales y Matemáticas","9C "
"ECUACIONES DIFERENCIALES I","MATG1068       ","Facultad de Ciencias Naturales y Matemáticas","9I "
"OPTIMIZACIÓN NO LINEAL Y ESTOCÁSTICA","MATG1060       ","Facultad de Ciencias Naturales y Matemáticas","9M "
"SISTEMAS DE TRANSPORTE","LOGG1019       ","Facultad de Ciencias Naturales y Matemáticas","9M "
"PISCICULTURA","ACUG1047       ","Facultad de Ingeniería Marítima y Ciencias del Mar","CENAIM"
"INGENIERÍA DE METALES","MTRG1030       ","Facultad de Ingeniería en Mecánica y Ciencias de la Producción","12E"
"MATERIA INTEGRADORA DE ELECTRICIDAD","ELEG1042       ","Facultad de Ingeniería en Electricidad y Computación","FIEC"
"MATERIA INTEGRADORA DE INGENIERÍA INDUSTRIAL","INDG1043       ","Facultad de Ingeniería en Mecánica y Ciencias de la Producción","12C"
"SISTEMAS ENERGÉTICOS SOSTENIBLES","MECG1071       ","Facultad de Ingeniería en Mecánica y Ciencias de la Producción","12H"
"EVOLUCIÓN","MEDG1021       ","Facultad de Ciencias de la Vida","3D "
"ECOLOGÍA ACUÁTICA","ADSG1020       ","Facultad de Ciencias de la Vida","3D "
"EVOLUCIÓN","MEDG1021       ","Facultad de Ciencias de la Vida","3H "
"CULTIVO DE ESPECIES NO TRADICIONALES","ACUG1039       ","Facultad de Ingeniería Marítima y Ciencias del Mar","5K "
"ACUICULTURA ORNAMENTAL","ACUG1035       ","Facultad de Ingeniería Marítima y Ciencias del Mar","CENAIM"
"MATERIA INTEGRADORA DE AUDITORÍA Y CONTROL DE GESTIÓN","AUDG2040       ","Facultad de Ciencias Sociales y Humanísticas","FCSH"
"MATERIA INTEGRADORA DE MECATRÓNICA","MCTG1028       ","Facultad de Ingeniería en Mecánica y Ciencias de la Producción","12C"
"ENTOMOLOGÍA","MEDG1020       ","Facultad de Ciencias de la Vida","3D "
"ORÍGENES DE LOS ESTADOS PREHISPÁNICOS","ARQG2037       ","Facultad de Ciencias Sociales y Humanísticas","13C"
"TALLER DE DISEÑO II","DING2040       ","Facultad de Arte, Diseño y Comunicación Audiovisual","14B"
"ANÁLISIS NUMÉRICO","MATG1076       ","Facultad de Ciencias Naturales y Matemáticas","8G "
"ANÁLISIS MATEMÁTICO I","MATG1070       ","Facultad de Ciencias Naturales y Matemáticas","9I "
"GESTIÓN Y MARCO REGULATORIO DEL SECTOR ELÉCTRICO","ELEG1037       ","Facultad de Ingeniería en Electricidad y Computación","11F"
"SISTEMAS DE INFORMACIÓN APLICADOS A LOGÍSTICA","CCPG1058       ","Facultad de Ciencias Naturales y Matemáticas","9C "
"MATERIA INTEGRADORA DE DISEÑO GRÁFICO","DIGG2034       ","Facultad de Arte, Diseño y Comunicación Audiovisual","FADCOM"
"MATERIA INTEGRADORA DE DISEÑO DE PRODUCTOS","DING2032       ","Facultad de Arte, Diseño y Comunicación Audiovisual","14B"
"BIOQUÍMICA ALIMENTARIA","ALIG1030       ","Facultad de Ingeniería en Mecánica y Ciencias de la Producción","12H"
"INGENIERÍA DE POLÍMEROS","MTRG1031       ","Facultad de Ingeniería en Mecánica y Ciencias de la Producción","12H"
"CONTAMINACIÓN AMBIENTAL","ADSG1019       ","Facultad de Ciencias de la Vida","3D "
"VIROLOGÍA","BIOG1029       ","Facultad de Ciencias de la Vida","3D "
"ANÁLISIS DE INFORMACIÓN OCEANOGRÁFICA","OCEG1028       ","Facultad de Ingeniería Marítima y Ciencias del Mar","5K "
"OPTIMIZACION DE SISTEMAS DE POTENCIA","ELEG1045       ","Facultad de Ingeniería en Electricidad y Computación","11F"
"CONTROL DE CALIDAD Y EVALUACIÓN SENSORIAL DE ALIMENTOS","ALIG1031       ","Facultad de Ingeniería en Mecánica y Ciencias de la Producción","12H"
"SISTEMAS Y PROGRAMACIÓN DE PRODUCCIÓN","INDG1058       ","Facultad de Ingeniería en Mecánica y Ciencias de la Producción","12H"
"MUSEOS Y ESPACIOS DE CONSERVACIÓN DE LA MEMORIA","ARQG2027       ","Facultad de Ciencias Sociales y Humanísticas","9F "
"INTRODUCCIÓN A LAS TELECOMUNICACIONES","TELG1032       ","Facultad de Ingeniería en Electricidad y Computación","11D"
"MODELADO TRIDIMENSIONAL","DING2036       ","Facultad de Arte, Diseño y Comunicación Audiovisual","14B"
"MATERIA INTEGRADORA DE INGENIERÍA NAVAL","NAVG1034       ","Facultad de Ingeniería Marítima y Ciencias del Mar","5K "
"MATERIA INTEGRADORA DE ACUICULTURA","ACUG1058       ","Facultad de Ingeniería Marítima y Ciencias del Mar","CENAIM"
"TRANSPORTE URBANO","LOGG1022       ","Facultad de Ciencias Naturales y Matemáticas","9M "
"MATERIA INTEGRADORA DE TELECOMUNICACIONES","TELG1033       ","Facultad de Ingeniería en Electricidad y Computación","11D"
"TOPOGRAFÍA","CIVG1059       ","Facultad de Ingeniería en Ciencias de la Tierra","13H"
"FOTOGRAFÍA PARA MEDIOS","CADG2031       ","Facultad de Arte, Diseño y Comunicación Audiovisual","14B"
"PRODUCCIÓN PECUARIA II","AGRG1038       ","Facultad de Ciencias de la Vida","3D "
"BIOQUÍMICA","BIOG1024       ","Facultad de Ciencias de la Vida","3H "
"BOTÁNICA SISTEMÁTICA","MEDG1018       ","Facultad de Ciencias de la Vida","3H "
"SIMULACIÓN MATEMÁTICA","ESTG1057       ","Facultad de Ciencias Naturales y Matemáticas","8G "
"MÉTODOS MATEMÁTICOS PARA LAS CIENCIAS","MATG1075       ","Facultad de Ciencias Naturales y Matemáticas","9M "
"INTERNETWORKING","TLMG1030       ","Facultad de Ingeniería en Electricidad y Computación","11B"
"PATOLOGÍA ACUÍCOLA II","ACUG1056       ","Facultad de Ingeniería Marítima y Ciencias del Mar","5K "
"RIEGO Y DRENAJE","AGRG1035       ","Facultad de Ciencias de la Vida","3H "
"ERGONOMÍA","DING2028       ","Facultad de Arte, Diseño y Comunicación Audiovisual","14B"
"MATERIALES Y MANUFACTURA I","DING2033       ","Facultad de Arte, Diseño y Comunicación Audiovisual","14B"
"OPTIMIZACIÓN NUMÉRICA","MATG1058       ","Facultad de Ciencias Naturales y Matemáticas","8G "
"FUNDAMENTOS DE LA INGENIERÍA EN ALIMENTOS","ALIG1037       ","Facultad de Ingeniería en Mecánica y Ciencias de la Producción","12H"
"TALLER DE DISEÑO III","DING2041       ","Facultad de Arte, Diseño y Comunicación Audiovisual","14B"
"EXTENSIONISMO","CCAG1002       ","Facultad de Ciencias de la Vida","3H "
"PLATAFORMAS MULTIMODALES","LOGG1025       ","Facultad de Ciencias Naturales y Matemáticas","9M "
"MANUFACTURA SOSTENIBLE","MTRG1033       ","Facultad de Ingeniería en Mecánica y Ciencias de la Producción","12H"
"ZOOLOGÍA DE INVERTEBRADOS","MEDG1026       ","Facultad de Ciencias de la Vida","3D "
"OCEANOGRAFÍA COSTERA","OCEG1048       ","Facultad de Ingeniería Marítima y Ciencias del Mar","5K "
"ESTRUCTURAS ALGEBRAICAS","MATG1073       ","Facultad de Ciencias Naturales y Matemáticas","9M "
"MICROBIOLOGÍA DE ALIMENTOS","ALIG1041       ","Facultad de Ingeniería en Mecánica y Ciencias de la Producción","12H"
"DISEÑO Y GESTIÓN DE RELLENOS SANITARIOS","CIVG1061       ","Facultad de Ingeniería en Ciencias de la Tierra","13H"
"DISEÑO DE PRODUCTOS II","DING2024       ","Facultad de Arte, Diseño y Comunicación Audiovisual","14B"
"CÁLCULO II","MATG1064       ","Facultad de Ciencias Naturales y Matemáticas","8G "
"GEOESTADISTICA","ESTG1033       ","Facultad de Ciencias Naturales y Matemáticas","8G "
"ESTRUCTURAS Y MECANISMOS II","DING2030       ","Facultad de Arte, Diseño y Comunicación Audiovisual","14B"
"BIOINFORMÁTICA","BIOG1030       ","Facultad de Ciencias de la Vida","3H "
"MATERIA INTEGRADORA DE GEOLOGÍA","GEOG1039       ","Facultad de Ingeniería en Ciencias de la Tierra","FICT"
"BUCEO Y ACTIVIDADES NAÚTICAS","DEPG2018       ","ESCUELA SUPERIOR POLITECNICA DEL LITORAL","5K "
"MODELIZACIÓN DEL TRANSPORTE","LOGG1020       ","Facultad de Ciencias Naturales y Matemáticas","9M "
"MODELOS ESTADÍSTICOS APLICADOS I","ESTG1045       ","Facultad de Ciencias Naturales y Matemáticas","9M "
"PROYECTO AUDIOVISUAL II","CADG2040       ","Facultad de Arte, Diseño y Comunicación Audiovisual","14B"
"ECOLOGÍA GENERAL","ADSG1022       ","Facultad de Ciencias de la Vida","3D "
"DISEÑO COSTERO","OCEG1034       ","Facultad de Ingeniería Marítima y Ciencias del Mar","5K "
"QUÍMICA ORGÁNICA","QUIG1035       ","Facultad de Ciencias Naturales y Matemáticas","9M "
"ELECTRICIDAD BÁSICA","ELEG1034       ","Facultad de Ingeniería en Electricidad y Computación","11D"
"MATERIA INTEGRADORA DE TELEMÁTICA","TLMG1031       ","Facultad de Ingeniería en Electricidad y Computación","BLOQUE VIRTUAL"
"CHINO-MANDARÍN I","IDIG2013       ","Facultad de Ciencias Sociales y Humanísticas","8E "
"PRESUPUESTOS Y PROYECTOS LOGÍSTICOS","LOGG1023       ","Facultad de Ciencias Naturales y Matemáticas","9I "
"PRODUCCIÓN ACUÍCOLA II","ACUG1045       ","Facultad de Ingeniería Marítima y Ciencias del Mar","CENAIM"
"ROBÓTICA INDUSTRIAL","EYAG1042       ","Facultad de Ingeniería en Electricidad y Computación","11D"
"CIRCUITOS DE ALTA FRECUENCIA Y MICROONDAS","TELG1027       ","Facultad de Ingeniería en Electricidad y Computación","11D"
"GESTIÓN DE BODEGAS Y ABASTECIMIENTO","LOGG1021       ","Facultad de Ciencias Naturales y Matemáticas","9C "
"ECONOMÍA MATEMÁTICA","ECOG2049       ","Facultad de Ciencias Sociales y Humanísticas","9F "
"SISTEMAS DE INFORMACIÓN GEOGRÁFICA","GEOG1047       ","Facultad de Ingeniería en Ciencias de la Tierra","FICT"
"GESTIÓN HOTELERA","TURG2030       ","Facultad de Ciencias Sociales y Humanísticas","FCSH"
"QUÍMICA ALIMENTARIA","ALIG1050       ","Facultad de Ingeniería en Mecánica y Ciencias de la Producción","12H"
"ANÁLISIS MATEMÁTICO II","MATG1071       ","Facultad de Ciencias Naturales y Matemáticas","9M "
"INGENIERÍA DE PROCESOS ALIMENTARIOS","ALIG1038       ","Facultad de Ingeniería en Mecánica y Ciencias de la Producción","12C"
"ORGANIZACIÓN DE COMPUTADORES","CCPG1049       ","Facultad de Ingeniería en Electricidad y Computación","11A"
"TALLER DE DISEÑO IV","DING2042       ","Facultad de Arte, Diseño y Comunicación Audiovisual","11C"
"MINERALOGÍA","GEOG1041       ","Facultad de Ingeniería en Ciencias de la Tierra","13D"
"ALIMENTOS Y BEBIDAS","TURG2019       ","Facultad de Ciencias Sociales y Humanísticas","14B"
"MEZCLA DE SONIDO","CADG2044       ","Facultad de Arte, Diseño y Comunicación Audiovisual","14B"
"ZOOLOGÍA DE VERTEBRADOS","MEDG1025       ","Facultad de Ciencias de la Vida","BLOQUE VIRTUAL"
"ESTRUCTURAS Y MECANISMOS I","DING2029       ","Facultad de Arte, Diseño y Comunicación Audiovisual","14B"
"TÉCNICAS DE MANEJO COSTERO","OCEG1044       ","Facultad de Ingeniería Marítima y Ciencias del Mar","5K "
"PROCESOS DE MANUFACTURA","MECG1053       ","Facultad de Ingeniería en Mecánica y Ciencias de la Producción","12C"
"NARRATIVA AUDIOVISUAL","CADG2034       ","Facultad de Arte, Diseño y Comunicación Audiovisual","14B"
"ELEMENTOS FINITOS","NAVG1042       ","Facultad de Ingeniería Marítima y Ciencias del Mar","5K "
"TELEMÁTICA Y TRANSFORMACIÓN DIGITAL","TLMG1036       ","Facultad de Ingeniería en Electricidad y Computación","11B"
"DISEÑO DIGITAL","DING2027       ","Facultad de Arte, Diseño y Comunicación Audiovisual","14B"
"REMEDIACIÓN AMBIENTAL","ADSG1023       ","Facultad de Ciencias de la Vida","3D "
"SERIES DE TIEMPO","ESTG1051       ","Facultad de Ciencias Naturales y Matemáticas","8G "
"PROGRAMACIÓN DE SISTEMAS TELEMÁTICOS","TLMG1037       ","Facultad de Ingeniería en Electricidad y Computación","11B"
"DISEÑO DE REDES CONMUTADAS","TELG1030       ","Facultad de Ingeniería en Electricidad y Computación","FIEC"
"SISTEMAS DE COMUNICACIONES II","TELG1039       ","Facultad de Ingeniería en Electricidad y Computación","11A"
"INTRODUCCIÓN A LAS ENERGÍAS RENOVABLES","ELEG1052       ","Facultad de Ingeniería en Electricidad y Computación","13G"
"INVESTIGACIÓN AUDIOVISUAL","ARTG2030       ","Facultad de Arte, Diseño y Comunicación Audiovisual","14B"
"TALLER DE DISEÑO I","DING2039       ","Facultad de Arte, Diseño y Comunicación Audiovisual","14B"
"MATERIALES Y MANUFACTURA III","DING2035       ","Facultad de Arte, Diseño y Comunicación Audiovisual","14B"
"REDES INALÁMBRICAS Y DE SENSORES","TLMG1033       ","Facultad de Ingeniería en Electricidad y Computación","FIEC"
"DISEÑO MECÁNICO","MECG1045       ","Facultad de Ingeniería en Mecánica y Ciencias de la Producción","12C"
"ADMINISTRACIÓN DE OPERACIONES","ADMG2022       ","Facultad de Ciencias Sociales y Humanísticas","9B "
"MATERIA INTEGRADORA DE ELECTRÓNICA Y AUTOMATIZACIÓN","EYAG1039       ","Facultad de Ingeniería en Electricidad y Computación","11A"
"INTRODUCCIÓN AL RAZONAMIENTO MATEMÁTICO","MATG1056       ","Facultad de Ciencias Naturales y Matemáticas","9I "
"ESTADÍSTICA MATEMÁTICA","ESTG1039       ","Facultad de Ciencias Naturales y Matemáticas","9M "
"SÍNTESIS Y CARACTERIZACIÓN DE PRODUCTOS QUÍMICOS","QUIG1049       ","Facultad de Ciencias Naturales y Matemáticas","9M "
"GEOMETRÍA AXIOMÁTICA","MATG1062       ","Facultad de Ciencias Naturales y Matemáticas","9M "
"ENTRENAMIENTO DE FUERZA","DEPG2019       ","ESCUELA SUPERIOR POLITECNICA DEL LITORAL","DEPORTES"
"HORMIGÓN Y MATERIALES DE CONSTRUCCIÓN","CIVG1047       ","Facultad de Ingeniería en Ciencias de la Tierra","13H"
"DISEÑO DE PRODUCTOS III","DING2025       ","Facultad de Arte, Diseño y Comunicación Audiovisual","14B"
"APLICACIONES MÓVILES Y SERVICIOS TELEMÁTICOS","TLMG1024       ","Facultad de Ingeniería en Electricidad y Computación","11C"
"SISTEMAS DE COMUNICACIONES I","TELG1038       ","Facultad de Ingeniería en Electricidad y Computación","11A"
"DISEÑO DE PROCESOS TÉRMICOS I","ALIG1034       ","Facultad de Ingeniería en Mecánica y Ciencias de la Producción","12C"
"REOLOGÍA DE FLUIDOS","MECG1067       ","Facultad de Ingeniería en Mecánica y Ciencias de la Producción","12H"
"INGENIERÍA SISMO-RESISTENTE","CIVG1052       ","Facultad de Ingeniería en Ciencias de la Tierra","13H"
"DISEÑO DE PRODUCTOS I","DING2023       ","Facultad de Arte, Diseño y Comunicación Audiovisual","14B"
"PRODUCCIÓN PARA NUEVOS MEDIOS","CADG2038       ","Facultad de Arte, Diseño y Comunicación Audiovisual","14B"
"SALUD COMUNITARIA","MEDG2020       ","Facultad de Ciencias de la Vida","3H "
"MAQUINARIA MARÍTIMA II","NAVG1037       ","Facultad de Ingeniería Marítima y Ciencias del Mar","5K "
"ESTRATEGIAS DE GESTIÓN","ADMG1007       ","Facultad de Ciencias Sociales y Humanísticas","9F "
"FORMULACIÓN Y EVALUACIÓN DE PROYECTOS","ECOG2058       ","Facultad de Ciencias Sociales y Humanísticas","9F "
"TENIS","DEPG2023       ","ESCUELA SUPERIOR POLITECNICA DEL LITORAL","DEPORTES"
"DISEÑO ESTRUCTURAL","CIVG1039       ","Facultad de Ingeniería en Ciencias de la Tierra","13H"
"MATERIA INTEGRADORA DE PRODUCCIÓN PARA MEDIOS DE COMUNICACIÓN","CADG2043       ","Facultad de Arte, Diseño y Comunicación Audiovisual","FADCOM"
"MATERIA INTEGRADORA DE LOGÍSTICA Y TRANSPORTE","LOGG1027       ","Facultad de Ciencias Naturales y Matemáticas","FCNM"
"TEORÍA ELECTROMAGNÉTICA","ELEG1051       ","Facultad de Ingeniería en Electricidad y Computación","11D"
"DISEÑO DE PLANTAS ALIMENTARIAS","ALIG1033       ","Facultad de Ingeniería en Mecánica y Ciencias de la Producción","12H"
"PRINCIPIOS DE ECOTOXICOLOGÍA","ADSG1024       ","Facultad de Ciencias de la Vida","3D "
"ECOLOGÍA DE ECOSISTEMAS","ADSG1021       ","Facultad de Ciencias de la Vida","3H "
"BIENESTAR ANIMAL","ACUG1037       ","Facultad de Ingeniería Marítima y Ciencias del Mar","5K "
"MODELADO Y SIMULACIÓN DE ESTRUCTURAS Y MÁQUINAS","MECG1073       ","Facultad de Ingeniería en Mecánica y Ciencias de la Producción","12H"
"BIOLOGÍA DE LA CONSERVACIÓN","MEDG1016       ","Facultad de Ciencias de la Vida","3H "
"NUTRICIÓN EN EL CICLO DE LA VIDA II","NUTG2037       ","Facultad de Ciencias de la Vida","3H "
"DESARROLLO ORGANIZACIONAL","ADMG2026       ","Facultad de Ciencias Sociales y Humanísticas","FCSH"
"MATERIA INTEGRADORA DE COMPUTACIÓN","CCPG1035       ","Facultad de Ingeniería en Electricidad y Computación","FIEC"
"BALONCESTO","DEPG2025       ","ESCUELA SUPERIOR POLITECNICA DEL LITORAL","DEPORTES"
"POSTPRODUCCIÓN","CADG2035       ","Facultad de Arte, Diseño y Comunicación Audiovisual","14B"
"MATEMÁTICAS SUPERIORES","MATG1054       ","Facultad de Ciencias Naturales y Matemáticas","9I "
"SANIDAD E HIGIENE ALIMENTARIA","ALIG1047       ","Facultad de Ingeniería en Mecánica y Ciencias de la Producción","12H"
"ANÁLISIS ESTRUCTURAL","CIVG1034       ","Facultad de Ingeniería en Ciencias de la Tierra","13H"
"FISIOLOGÍA ANIMAL","BIOG1023       ","Facultad de Ciencias de la Vida","3D "
"ESTABILIDAD Y CONTROL DE SISTEMAS DE POTENCIA","ELEG1036       ","Facultad de Ingeniería en Electricidad y Computación","11F"
"AMBIENTES INTELIGENTES","TLMG1023       ","Facultad de Ingeniería en Electricidad y Computación","11C"
"CALIDAD DE SERVICIO Y REDES MULTIMEDIA","TLMG1025       ","Facultad de Ingeniería en Electricidad y Computación","11D"
"PROCESAMIENTO DE FRUTAS Y VEGETALES","ALIG1044       ","Facultad de Ingeniería en Mecánica y Ciencias de la Producción","12H"
"MATERIA INTEGRADORA DE ALIMENTOS","ALIG1040       ","Facultad de Ingeniería en Mecánica y Ciencias de la Producción","12H"
"APRECIACIÓN MUSICAL","ARTG2045       ","Facultad de Arte, Diseño y Comunicación Audiovisual","14B"
"EVALUACIÓN DEL ESTADO NUTRICIONAL I","NUTG2029       ","Facultad de Ciencias de la Vida","3H "
"TRATAMIENTO DE AGUAS","ADSG1029       ","Facultad de Ciencias Naturales y Matemáticas","9M "
"INTERACCIÓN HUMANO COMPUTADOR","CCPG1046       ","Facultad de Ingeniería en Electricidad y Computación","FIEC"
"HERRAMIENTAS DE MANUFACTURA ESBELTA","INDG1038       ","Facultad de Ingeniería en Mecánica y Ciencias de la Producción","12C"
"DESARROLLO DE NUEVOS PRODUCTOS ALIMENTICIOS","ALIG1032       ","Facultad de Ingeniería en Mecánica y Ciencias de la Producción","12H"
"PLANIFICACIÓN Y CONSTRUCCIÓN","OCEG1045       ","Facultad de Ingeniería Marítima y Ciencias del Mar","5K "
"CIBERSEGURIDAD Y GESTIÓN DE REDES","TLMG1026       ","Facultad de Ingeniería en Electricidad y Computación","11D"
"DISEÑO DE SONIDO","CADG2042       ","Facultad de Arte, Diseño y Comunicación Audiovisual","14B"
"EMBRIOLOGÍA","MEDG1019       ","Facultad de Ciencias de la Vida","3H "
"CONSTRUCCIÓN DE OBRAS PORTUARIAS","OCEG1031       ","Facultad de Ingeniería Marítima y Ciencias del Mar","5K "
"INTRODUCCIÓN A LA ECONOMÍA","ECOG2067       ","Facultad de Ciencias Sociales y Humanísticas","9F "
"INTRODUCCIÓN A LA ESTADÍSTICA","ESTG1035       ","Facultad de Ciencias Naturales y Matemáticas","9I "
"TEORÍA DEL DISEÑO","DING2043       ","Facultad de Arte, Diseño y Comunicación Audiovisual","14B"
"ADMINISTRACIÓN DE SISTEMAS Y SERVICIOS EN RED","TLMG1022       ","Facultad de Ingeniería en Electricidad y Computación","11B"
"TRANSFERENCIA DE CALOR","MECG1058       ","Facultad de Ingeniería en Mecánica y Ciencias de la Producción","12H"
"GESTIÓN DE OBRAS CIVILES","CIVG1041       ","Facultad de Ingeniería en Ciencias de la Tierra","13H"
"FINANZAS INTERNACIONALES","ECOG2051       ","Facultad de Ciencias Sociales y Humanísticas","9F "
"MACROECONOMÍA I","ECOG2063       ","Facultad de Ciencias Sociales y Humanísticas","9F "
"INGENIERÍA DE TRÁNSITO","LOGG1024       ","Facultad de Ciencias Naturales y Matemáticas","9M "
"SISTEMAS BIOMECATRÓNICOS","MCTG1019       ","Facultad de Ingeniería en Mecánica y Ciencias de la Producción","12H"
"EXPRESIÓN CORPORAL","ARTG2038       ","Facultad de Arte, Diseño y Comunicación Audiovisual","14B"
"REDACCIÓN CREATIVA","DIGG2039       ","Facultad de Arte, Diseño y Comunicación Audiovisual","14B"
"INMUNOLOGÍA","MEDG1024       ","Facultad de Ciencias de la Vida","3H "
"BIOGEOGRAFÍA","MEDG1015       ","Facultad de Ciencias de la Vida","3H "
"BIOESTADÍSTICA","ESTG1063       ","Facultad de Ciencias Naturales y Matemáticas","8G "
"GEOGRAFÍA TURÍSTICA","TURG2035       ","Facultad de Ciencias Sociales y Humanísticas","9C "
"CÁLCULO I","MATG1063       ","Facultad de Ciencias Naturales y Matemáticas","9I "
"AJEDREZ","DEPG2017       ","ESCUELA SUPERIOR POLITECNICA DEL LITORAL","VRA"
"PROPAGACIÓN","TELG1035       ","Facultad de Ingeniería en Electricidad y Computación","11A"
"SISTEMAS DE POTENCIA II","ELEG1050       ","Facultad de Ingeniería en Electricidad y Computación","11D"
"CIRCUITOS ELÉCTRICOS","ELEG1030       ","Facultad de Ingeniería en Electricidad y Computación","11D"
"DISEÑO DE SOFTWARE","CCPG1042       ","Facultad de Ingeniería en Electricidad y Computación","11D"
"GESTIÓN DE PROYECTOS","ADMG2037       ","Facultad de Ciencias Sociales y Humanísticas","9F "
"ELECTRÓNICA","EYAG1034       ","Facultad de Ingeniería en Electricidad y Computación","11D"
"PROGRAMACIÓN APLICADA A LA AUTOMATIZACIÓN","EYAG1041       ","Facultad de Ingeniería en Electricidad y Computación","11D"
"SISTEMA DE BASES DE DATOS","TICG1018       ","Facultad de Ingeniería en Electricidad y Computación","11D"
"INSTALACIONES ELÉCTRICAS","ELEG1038       ","Facultad de Ingeniería en Electricidad y Computación","11F"
"TRANSFERENCIA DE CALOR Y MASA","MECG1068       ","Facultad de Ingeniería en Mecánica y Ciencias de la Producción","12H"
"SISTEMAS DE MONITOREO Y CONTROL INDUSTRIAL","MCTG1022       ","Facultad de Ingeniería en Mecánica y Ciencias de la Producción","12H"
"POTABILIZACIÓN Y TRATAMIENTO DEL AGUA","CIVG1055       ","Facultad de Ingeniería en Ciencias de la Tierra","13H"
"DISEÑO DE EXPERIENCIA","DIGG2024       ","Facultad de Arte, Diseño y Comunicación Audiovisual","14B"
"GENÉTICA","MEDG1023       ","Facultad de Ciencias de la Vida","3D "
"LOGÍSTICA Y SERVICIO AL CLIENTE","INDG1042       ","Facultad de Ingeniería en Mecánica y Ciencias de la Producción","12C"
"MÉTODOS DE INVESTIGACIÓN EN TURISMO","TURG2032       ","Facultad de Ciencias Sociales y Humanísticas","FCSH"
"PROCESAMIENTO DE FARINÁCEOS Y OLEAGINOSAS","ALIG1043       ","Facultad de Ingeniería en Mecánica y Ciencias de la Producción","12H"
"GESTIÓN DEL DISEÑO","ECOG2041       ","Facultad de Arte, Diseño y Comunicación Audiovisual","14B"
"FRANCÉS I","IDIG2016       ","Facultad de Ciencias Sociales y Humanísticas","8E "
"EDUCACIÓN SOCIOEMOCIONAL","CCAG1005       ","Facultad de Ciencias Sociales y Humanísticas","9F "
"CONSEJERÍA NUTRICIONAL","MEDG2014       ","Facultad de Ciencias de la Vida","VRA"
"GESTIÓN DE INFRAESTRUCTURA Y SERVICIOS TI","TLMG1029       ","Facultad de Ingeniería en Electricidad y Computación","11B"
"TELEMETRÍA Y SISTEMAS CIBERFÍSICOS","TLMG1035       ","Facultad de Ingeniería en Electricidad y Computación","11D"
"PROCESAMIENTO DIGITAL DE SEÑALES","TELG1034       ","Facultad de Ingeniería en Electricidad y Computación","11D"
"OPTIMIZACIÓN Y SIMULACIÓN DE PROCESOS ALIMENTARIOS","ALIG1042       ","Facultad de Ingeniería en Mecánica y Ciencias de la Producción","12C"
"FERMENTACIÓN Y ENZIMOLOGÍA ALIMENTARIA","ALIG1036       ","Facultad de Ingeniería en Mecánica y Ciencias de la Producción","12H"
"CONTROL POR APRENDIZAJE REFORZADO","MCTG1024       ","Facultad de Ingeniería en Mecánica y Ciencias de la Producción","12H"
"GUIANZA Y MANEJO DE GRUPOS","TURG2027       ","Facultad de Ciencias Sociales y Humanísticas","9F "
"SCADA APLICADO A SISTEMAS DE POTENCIA","ELEG1048       ","Facultad de Ingeniería en Electricidad y Computación","11F"
"PROGRAMACIÓN ENTERA PARA INGENIERÍA","INDG1051       ","Facultad de Ingeniería en Mecánica y Ciencias de la Producción","12C"
"MECÁNICA DE SUELOS Y ROCAS","CIVG1060       ","Facultad de Ingeniería en Ciencias de la Tierra","13H"
"DIETOTERAPIA BÁSICA","NUTG2028       ","Facultad de Ciencias de la Vida","3H "
"BOTÁNICA GENERAL","MEDG1017       ","Facultad de Ciencias de la Vida","3H "
"NUTRICIÓN EN EL CICLO DE LA VIDA I","NUTG2036       ","Facultad de Ciencias de la Vida","3H "
"HISTORIA DEL DISEÑO INDUSTRIAL","DING2031       ","Facultad de Arte, Diseño y Comunicación Audiovisual","14B"
"ACTUACIÓN","ARTG2044       ","Facultad de Arte, Diseño y Comunicación Audiovisual","14B"
"TENDENCIAS EN NUTRICIÓN","NUTG2038       ","Facultad de Ciencias de la Vida","3H "
"NUTRICIÓN CLÍNICA I","NUTG2032       ","Facultad de Ciencias de la Vida","3H "
"TOXICOLOGÍA NUTRICIONAL Y ALIMENTARIA","NUTG2040       ","Facultad de Ciencias de la Vida","3H "
"DIETOTERAPIA AVANZADA","NUTG2027       ","Facultad de Ciencias de la Vida","3H "
"AUDITORÍA DE SISTEMAS INTEGRADOS","AUDG2026       ","Facultad de Ciencias Sociales y Humanísticas","FCSH"
"TERMODINÁMICA","MECG1061       ","Facultad de Ingeniería en Mecánica y Ciencias de la Producción","12C"
"DISEÑO MECATRÓNICO","MCTG1013       ","Facultad de Ingeniería en Mecánica y Ciencias de la Producción","12C"
"EDICIÓN Y MONTAJE","CADG2030       ","Facultad de Arte, Diseño y Comunicación Audiovisual","14B"
"FOTOGRAFÍA DIGITAL","CADG2045       ","Facultad de Arte, Diseño y Comunicación Audiovisual","14B"
"FOTOGRAFÍA","ARTG2039       ","Facultad de Arte, Diseño y Comunicación Audiovisual","14B"
"TÉCNICAS CULINARIAS","NUTG2043       ","Facultad de Ciencias de la Vida","3D "
"MATERIALES EN MEDIOS MARINOS","NAVG1040       ","Facultad de Ingeniería Marítima y Ciencias del Mar","5K "
"CONTABILIDAD I","AUDG2035       ","Facultad de Ciencias Sociales y Humanísticas","9B "
"MICROECONOMÍA I","ECOG2064       ","Facultad de Ciencias Sociales y Humanísticas","9F "
"EVALUACIÓN Y SIMULACIÓN DE REDES","TLMG1028       ","Facultad de Ingeniería en Electricidad y Computación","11A"
"ELECTRÓNICA MÉDICA","EYAG1026       ","Facultad de Ingeniería en Electricidad y Computación","11C"
"ENERGÍAS RENOVABLES","ELEG1035       ","Facultad de Ingeniería en Electricidad y Computación","11F"
"FIBRAS ÓPTICAS","TELG1031       ","Facultad de Ingeniería en Electricidad y Computación","11A"
"SISTEMAS EN LA NUBE","TLMG1034       ","Facultad de Ingeniería en Electricidad y Computación","11B"
"MAQUINARIA ELÉCTRICA I","ELEG1040       ","Facultad de Ingeniería en Electricidad y Computación","11C"
"DISTRIBUCIÓN ELÉCTRICA II","ELEG1033       ","Facultad de Ingeniería en Electricidad y Computación","11D"
"ESTRUCTURAS DE DATOS","CCPG1034       ","Facultad de Ingeniería en Electricidad y Computación","11D"
"INSTRUMENTACIÓN","MECG1046       ","Facultad de Ingeniería en Mecánica y Ciencias de la Producción","12H"
"INVESTIGACIÓN EN CIENCIAS DE LA VIDA","BIOG1026       ","Facultad de Ciencias de la Vida","3D "
"ESTRATEGIAS CORPORATIVAS Y DE NEGOCIOS","ADMG2028       ","Facultad de Ciencias Sociales y Humanísticas","9B "
"PRESUPUESTO","ECOG2054       ","Facultad de Ciencias Sociales y Humanísticas","9B "
"MARKETING TURÍSTICO","TURG2031       ","Facultad de Ciencias Sociales y Humanísticas","9F "
"REFRIGERACIÓN Y CLIMATIZACIÓN","MECG1070       ","Facultad de Ingeniería en Mecánica y Ciencias de la Producción","12C"
"HORMIGÓN PREFORZADO","CIVG1046       ","Facultad de Ingeniería en Ciencias de la Tierra","13H"
"LÍNEAS DE TRANSMISIÓN Y SUBESTACIONES","ELEG1039       ","Facultad de Ingeniería en Electricidad y Computación","11D"
"MAQUINARIA ELÉCTRICA II","ELEG1041       ","Facultad de Ingeniería en Electricidad y Computación","11D"
"CONGRESOS Y EVENTOS","TURG2020       ","Facultad de Ciencias Sociales y Humanísticas","9B "
"REDES DE DATOS","TLMG1032       ","Facultad de Ingeniería en Electricidad y Computación","11D"
"SIMULACIÓN","INDG1052       ","Facultad de Ingeniería en Mecánica y Ciencias de la Producción","12H"
"INTRODUCCIÓN A LA MANUFACTURA","MCTG1017       ","Facultad de Ingeniería en Mecánica y Ciencias de la Producción","12H"
"PREPRODUCCIÓN","CADG2036       ","Facultad de Arte, Diseño y Comunicación Audiovisual","14B"
"ORNITOLOGÍA","MEDG1027       ","Facultad de Ciencias de la Vida","3D "
"EVALUACIÓN DEL ESTADO NUTRICIONAL II","NUTG2030       ","Facultad de Ciencias de la Vida","3H "
"INGLÉS V","IDIG1010       ","Facultad de Ciencias Sociales y Humanísticas","8E "
"DISEÑO GRÁFICO III","DIGG2031       ","Facultad de Arte, Diseño y Comunicación Audiovisual","FADCOM"
"MACROECONOMÍA III","ECOG2059       ","Facultad de Ciencias Sociales y Humanísticas","9B "
"SISTEMAS OPERATIVOS","CCPG1056       ","Facultad de Ingeniería en Electricidad y Computación","11D"
"ESTÁTICA","MECG1060       ","Facultad de Ingeniería en Mecánica y Ciencias de la Producción","12C"
"ANTROPOLOGÍA DEL DISEÑO","DIGG2040       ","Facultad de Arte, Diseño y Comunicación Audiovisual","14B"
"INTRODUCCIÓN A LAS HERRAMIENTAS ÓMICAS","BIOG1025       ","Facultad de Ciencias de la Vida","3D "
"GESTIÓN COMERCIAL","ADMG2032       ","Facultad de Ciencias Sociales y Humanísticas","FCSH"
"ELECTRÓNICA DE POTENCIA I","EYAG1035       ","Facultad de Ingeniería en Electricidad y Computación","11A"
"SISTEMAS DIGITALES I","EYAG1044       ","Facultad de Ingeniería en Electricidad y Computación","11A"
"PRINCIPIOS DE ELECTRÓNICA","EYAG1040       ","Facultad de Ingeniería en Electricidad y Computación","11D"
"ANÁLISIS DE ALGORITMOS","CCPG1036       ","Facultad de Ingeniería en Electricidad y Computación","11D"
"COMUNICACIÓN DIGITAL DE DATOS","TLMG1027       ","Facultad de Ingeniería en Electricidad y Computación","11D"
"MODELADO Y SIMULACIÓN EN TERMOFLUIDOS","MECG1072       ","Facultad de Ingeniería en Mecánica y Ciencias de la Producción","12C"
"MECÁNICA DE SÓLIDOS","MECG1050       ","Facultad de Ingeniería en Mecánica y Ciencias de la Producción","12H"
"SISTEMAS DE RECOLECCIÓN Y DISTRIBUCIÓN DE AGUA","CIVG1058       ","Facultad de Ingeniería en Ciencias de la Tierra","13H"
"HORMIGÓN ARMADO","CIVG1045       ","Facultad de Ingeniería en Ciencias de la Tierra","13H"
"INGENIERÍA DE CIMENTACIÓN","CIVG1049       ","Facultad de Ingeniería en Ciencias de la Tierra","13H"
"DISEÑO DE PAVIMENTOS","CIVG1036       ","Facultad de Ingeniería en Ciencias de la Tierra","13H"
"DISEÑO DE INTERFACES","DIGG2038       ","Facultad de Arte, Diseño y Comunicación Audiovisual","14B"
"HISTORIA CONTEMPORÁNEA DE AMÉRICA LATINA","HISG1002       ","Facultad de Ciencias Sociales y Humanísticas","9F "
"ELECTRÓNICA DE POTENCIA II","EYAG1036       ","Facultad de Ingeniería en Electricidad y Computación","11A"
"DOMÓTICA E INMÓTICA","EYAG1033       ","Facultad de Ingeniería en Electricidad y Computación","11D"
"INSTALACIONES","CIVG1053       ","Facultad de Ingeniería en Ciencias de la Tierra","13H"
"TÉCNICAS PICTÓRICAS","ARTG2033       ","Facultad de Arte, Diseño y Comunicación Audiovisual","14B"
"DISEÑO EDITORIAL","DIGG2027       ","Facultad de Arte, Diseño y Comunicación Audiovisual","14B"
"NUTRICIÓN DEPORTIVA","NUTG2035       ","Facultad de Ciencias de la Vida","3H "
"MICROECONOMÍA II","ECOG2062       ","Facultad de Ciencias Sociales y Humanísticas","9B "
"MACROECONOMÍA II","ECOG2061       ","Facultad de Ciencias Sociales y Humanísticas","9F "
"MANTENIMIENTO INDUSTRIAL","MECG1048       ","Facultad de Ingeniería en Mecánica y Ciencias de la Producción","12H"
"DISEÑO DE SISTEMAS MECÁNICOS","MECG1043       ","Facultad de Ingeniería en Mecánica y Ciencias de la Producción","12H"
"FUNDAMENTOS DE PLANIFICACIÓN TURÍSTICA","TURG2024       ","Facultad de Ciencias Sociales y Humanísticas","FCSH"
"PROCESOS DE MECANIZACIÓN","MECG1057       ","Facultad de Ingeniería en Mecánica y Ciencias de la Producción","12C"
"MECÁNICA DE MAQUINARIA","MECG1051       ","Facultad de Ingeniería en Mecánica y Ciencias de la Producción","12H"
"DESARROLLO SOCIAL Y VOLUNTARIADO","CCAG1007       ","Facultad de Ciencias Sociales y Humanísticas","9F "
"SISTEMAS DE POTENCIA I","ELEG1049       ","Facultad de Ingeniería en Electricidad y Computación","11D"
"MÉTODOS DE ANALÍTICA PARA LA INDUSTRIA","INDG1046       ","Facultad de Ingeniería en Mecánica y Ciencias de la Producción","12C"
"VIDEOGRAFÍA","CADG2046       ","Facultad de Arte, Diseño y Comunicación Audiovisual","14B"
"PROGRAMACIÓN DE SISTEMAS","CCPG1051       ","Facultad de Ingeniería en Electricidad y Computación","FIEC"
"CONTROL DE PROCESOS INDUSTRIALES","EYAG1031       ","Facultad de Ingeniería en Electricidad y Computación","11D"
"PROCESAMIENTO DE LÁCTEOS","ALIG1045       ","Facultad de Ingeniería en Mecánica y Ciencias de la Producción","12C"
"PROYECTOS INDUSTRIALES","INDG1048       ","Facultad de Ingeniería en Mecánica y Ciencias de la Producción","12H"
"INTRODUCCIÓN A LA MECATRÓNICA","MCTG1018       ","Facultad de Ingeniería en Mecánica y Ciencias de la Producción","12H"
"INGENIERÍA PORTUARIA","CIVG1051       ","Facultad de Ingeniería en Ciencias de la Tierra","13H"
"NUTRICIÓN CLÍNICA III","NUTG2034       ","Facultad de Ciencias de la Vida","3H "
"ECUACIONES DIFERENCIALES","MATG1050       ","Facultad de Ciencias Naturales y Matemáticas","9M "
"LENGUAJES DE PROGRAMACIÓN","SOFG1009       ","Facultad de Ingeniería en Electricidad y Computación","11A"
"ACTUADORES MECATRÓNICOS","MCTG1011       ","Facultad de Ingeniería en Mecánica y Ciencias de la Producción","12C"
"PROCESAMIENTO DE CÁRNICOS, PESCADOS Y MARISCOS","ALIG1046       ","Facultad de Ingeniería en Mecánica y Ciencias de la Producción","12H"
"DISEÑO DE PRODUCCIÓN","CADG2029       ","Facultad de Arte, Diseño y Comunicación Audiovisual","14B"
"PROCESAMIENTO DIGITAL DE IMÁGENES","CCPG1050       ","Facultad de Ingeniería en Electricidad y Computación","11A"
"TURBOMAQUINARIA Y PLANTAS DE POTENCIA","MECG1056       ","Facultad de Ingeniería en Mecánica y Ciencias de la Producción","12C"
"FUNDAMENTOS DE ELECTRICIDAD Y SISTEMAS DIGITALES","EYAG1037       ","Facultad de Ingeniería en Electricidad y Computación","11A"
"SISTEMAS EMBEBIDOS","EYAG1046       ","Facultad de Ingeniería en Electricidad y Computación","11D"
"MECÁNICA VECTORIAL","MECG1052       ","Facultad de Ingeniería en Mecánica y Ciencias de la Producción","12C"
"DISEÑO DE VÍAS","CIVG1038       ","Facultad de Ingeniería en Ciencias de la Tierra","13H"
"DIRECCIÓN DE ARTE","DIGG2023       ","Facultad de Arte, Diseño y Comunicación Audiovisual","14B"
"RESISTENCIA Y PROPULSIÓN DE BUQUES","NAVG1038       ","Facultad de Ingeniería Marítima y Ciencias del Mar","5K "
"METAHEURÍSTICAS","MATG1061       ","Facultad de Ciencias Naturales y Matemáticas","9C "
"INTRODUCCIÓN A LA CIENCIA DE DATOS","CCPG1047       ","Facultad de Ingeniería en Electricidad y Computación","FIEC"
"METODOLOGÍA DE LA INVESTIGACIÓN EN COMPUTACIÓN","CCPG1048       ","Facultad de Ingeniería en Electricidad y Computación","11A"
"METODOLOGÍA DE LA INVESTIGACIÓN EN COMPUTACIÓN","CCPG1048       ","Facultad de Ingeniería en Electricidad y Computación","11D"
"MECÁNICA DE FLUIDOS","MECG1049       ","Facultad de Ingeniería en Mecánica y Ciencias de la Producción","12C"
"NUTRICIÓN CLÍNICA II","NUTG2033       ","Facultad de Ciencias de la Vida","3H "
"FISIOLOGÍA VEGETAL","AGRG1027       ","Facultad de Ciencias de la Vida","3H "
"GESTIÓN DE LA PRODUCTIVIDAD","AUDG2044       ","Facultad de Ciencias Sociales y Humanísticas","9B "
"OPERACIÓN TURÍSTICA","TURG2037       ","Facultad de Ciencias Sociales y Humanísticas","9F "
"CONSERVACIÓN Y MANEJO AMBIENTAL EN TURISMO","TURG2021       ","Facultad de Ciencias Sociales y Humanísticas","9F "
"INGENIERÍA DE LA CALIDAD","INDG1057       ","Facultad de Ingeniería en Mecánica y Ciencias de la Producción","12H"
"GUION","CADG2032       ","Facultad de Arte, Diseño y Comunicación Audiovisual","14B"
"HISTORIA Y FILOSOFÍA DE LAS CIENCIAS","HISG1003       ","Facultad de Ciencias Sociales y Humanísticas","9F "
"APRECIACIÓN CINEMATOGRÁFICA","ARTG2035       ","Facultad de Arte, Diseño y Comunicación Audiovisual","FADCOM"
"COMPUTACIÓN Y SOCIEDAD","CCPG1039       ","Facultad de Ingeniería en Electricidad y Computación","11D"
"HIDROLOGÍA","CIVG1043       ","Facultad de Ingeniería en Ciencias de la Tierra","13H"
"HIDRÁULICA","CIVG1044       ","Facultad de Ingeniería en Ciencias de la Tierra","13H"
"ECONOMÍA POLÍTICA","ECOG1010       ","Facultad de Ciencias Sociales y Humanísticas","9F "
"INGENIERÍA DE BIOPROCESOS","ALIG1051       ","Facultad de Ingeniería en Mecánica y Ciencias de la Producción","12H"
"ESTRUCTURAS METÁLICAS","CIVG1040       ","Facultad de Ingeniería en Ciencias de la Tierra","13H"
"DISEÑO GRÁFICO I","DIGG2029       ","Facultad de Arte, Diseño y Comunicación Audiovisual","14B"
"BIOLOGÍA GENERAL","BIOG1022       ","Facultad de Ciencias de la Vida","3H "
"INGLÉS III","IDIG1008       ","Facultad de Ciencias Sociales y Humanísticas","8F "
"MATEMÁTICAS","MATG2007       ","Facultad de Ciencias Naturales y Matemáticas","9I "
"BALANCE DE MATERIA Y ENERGÍA","QUIG1037       ","Facultad de Ciencias Naturales y Matemáticas","9M "
"PROTECCIONES ELÉCTRICAS","ELEG1047       ","Facultad de Ingeniería en Electricidad y Computación","11D"
"CENTRALES ELÉCTRICAS","ELEG1029       ","Facultad de Ingeniería en Electricidad y Computación","11F"
"FARMACOLOGÍA Y NUTRICIÓN","MEDG2016       ","Facultad de Ciencias de la Vida","3H "
"EPIDEMIOLOGÍA Y SALUD PÚBLICA","MEDG2015       ","Facultad de Ciencias de la Vida","3H "
"ECONOMETRÍA II","ECOG2045       ","Facultad de Ciencias Sociales y Humanísticas","9B "
"HISTORIA DEL CINE","ARTG2029       ","Facultad de Arte, Diseño y Comunicación Audiovisual","14B"
"ORGANIZACIÓN INDUSTRIAL","ECOG2068       ","Facultad de Ciencias Sociales y Humanísticas","9B "
"MATEMÁTICAS FINANCIERAS","MATG2008       ","Facultad de Ciencias Sociales y Humanísticas","9B "
"SEGURIDAD DE LA INFORMACIÓN","CCPG1053       ","Facultad de Ingeniería en Electricidad y Computación","11A"
"ERGONOMÍA LABORAL","INDG1036       ","Facultad de Ingeniería en Mecánica y Ciencias de la Producción","12C"
"DISEÑO DE PUENTES","CIVG1037       ","Facultad de Ingeniería en Ciencias de la Tierra","13H"
"TALLER DE ILUSTRACIÓN","ARTG2032       ","Facultad de Arte, Diseño y Comunicación Audiovisual","14B"
"VIBRACIONES MECÁNICAS","NAVG1041       ","Facultad de Ingeniería Marítima y Ciencias del Mar","5K "
"DESARROLLO SOCIAL Y NUEVAS TECNOLOGÍAS","CCAG1006       ","Facultad de Ciencias Sociales y Humanísticas","9F "
"FÍSICA GENERAL","FISG2002       ","Facultad de Ciencias Naturales y Matemáticas","9M "
"PROGRAMACIÓN ORIENTADA A OBJETOS","CCPG1052       ","Facultad de Ingeniería en Electricidad y Computación","11A"
"DISEÑO DE SISTEMAS TERMOFLUIDOS","MECG1044       ","Facultad de Ingeniería en Mecánica y Ciencias de la Producción","12C"
"INGENIERÍA AMBIENTAL","CIVG1048       ","Facultad de Ingeniería en Ciencias de la Tierra","13H"
"LEGISLACIÓN AUDIOVISUAL","CADG2033       ","Facultad de Arte, Diseño y Comunicación Audiovisual","14B"
"DIBUJO II","ARTG2026       ","Facultad de Arte, Diseño y Comunicación Audiovisual","14B"
"DIBUJO ARTÍSTICO","ARTG2037       ","Facultad de Arte, Diseño y Comunicación Audiovisual","14B"
"TÉCNICAS DIETÉTICAS","NUTG2042       ","Facultad de Ciencias de la Vida","3H "
"MICROBIOLOGÍA GENERAL","BIOG1028       ","Facultad de Ciencias de la Vida","3H "
"INGLÉS IV","IDIG1009       ","Facultad de Ciencias Sociales y Humanísticas","8F "
"ÁLGEBRA LINEAL I","MATG1066       ","Facultad de Ciencias Naturales y Matemáticas","9I "
"FENÓMENOS DE TRANSPORTE DE MASA","QUIG1042       ","Facultad de Ciencias Naturales y Matemáticas","9M "
"FUNDAMENTOS DE PROGRAMACIÓN","CCPG1043       ","Facultad de Ingeniería en Electricidad y Computación","11A"
"DISEÑO Y SIMULACIÓN DE MÁQUINAS","MCTG1015       ","Facultad de Ingeniería en Mecánica y Ciencias de la Producción","12C"
"TÉCNICAS DE IMPRESIÓN","DIGG2037       ","Facultad de Arte, Diseño y Comunicación Audiovisual","14B"
"SERVICIOS DE ALIMENTACIÓN","NUTG2039       ","Facultad de Ciencias de la Vida","3H "
"MORFOFISIOLOGÍA HUMANA I","MEDG2018       ","Facultad de Ciencias de la Vida","3H "
"MORFOFISIOLOGÍA HUMANA II","MEDG2019       ","Facultad de Ciencias de la Vida","3H "
"INGLÉS I","IDIG1006       ","Facultad de Ciencias Sociales y Humanísticas","8F "
"ECONOMÍA GERENCIAL","ECOG2047       ","Facultad de Ciencias Sociales y Humanísticas","9B "
"GESTIÓN DEL PATRIMONIO CULTURAL","ARQG2019       ","Facultad de Ciencias Sociales y Humanísticas","9F "
"ESTADÍSTICA","ESTG1034       ","Facultad de Ciencias Naturales y Matemáticas","9I "
"ESTADÍSTICA I","ESTG1036       ","Facultad de Ciencias Naturales y Matemáticas","9M "
"SISTEMAS DE CONTROL DE GESTIÓN","AUDG2042       ","Facultad de Ciencias Sociales y Humanísticas","FCSH"
"INGENIERÍA DE SOFTWARE I","SOFG1007       ","Facultad de Ingeniería en Electricidad y Computación","11A"
"ECONOMETRÍA III","ECOG2046       ","Facultad de Ciencias Sociales y Humanísticas","9B "
"CONTABILIDAD DE COSTOS","AUDG2033       ","Facultad de Ciencias Sociales y Humanísticas","9F "
"SISTEMAS DE INFORMACIÓN","CCPG1054       ","Facultad de Ingeniería en Electricidad y Computación","FIEC"
"INTELIGENCIA ARTIFICIAL","CCPG1044       ","Facultad de Ingeniería en Electricidad y Computación","11A"
"SISTEMAS DE CONTROL APLICADOS","MECG1055       ","Facultad de Ingeniería en Mecánica y Ciencias de la Producción","12H"
"HIDRÁULICA Y NEUMÁTICA","MCTG1016       ","Facultad de Ingeniería en Mecánica y Ciencias de la Producción","12H"
"DIRECCIÓN AUDIOVISUAL","CADG2027       ","Facultad de Arte, Diseño y Comunicación Audiovisual","14B"
"INGLÉS II","IDIG1007       ","Facultad de Ciencias Sociales y Humanísticas","8F "
"FUNDAMENTOS DE MARKETING","ADMG2030       ","Facultad de Ciencias Sociales y Humanísticas","9B "
"ADMINISTRACIÓN LOGÍSTICA","INDG1060       ","Facultad de Ingeniería en Mecánica y Ciencias de la Producción","9C "
"GEOGRAFÍA FÍSICA","ARQG2041       ","Facultad de Ciencias Sociales y Humanísticas","9F "
"CONTABILIDAD FINANCIERA","AUDG2034       ","Facultad de Ciencias Sociales y Humanísticas","9F "
"OPERACIONES UNITARIAS I","QUIG1044       ","Facultad de Ciencias Naturales y Matemáticas","9M "
"DISEÑO GRÁFICO IV","DIGG2032       ","Facultad de Arte, Diseño y Comunicación Audiovisual","FADCOM"
"EMPRENDIMIENTO E INNOVACIÓN","ADMG1005       ","ESCUELA SUPERIOR POLITECNICA DEL LITORAL","VRA"
"CONTROLES ELÉCTRICOS INDUSTRIALES","ELEG1031       ","Facultad de Ingeniería en Electricidad y Computación","11C"
"DISEÑO DE APLICACIONES EN TELECOMUNICACIONES","TELG1029       ","Facultad de Ingeniería en Electricidad y Computación","11D"
"COMUNICACIONES INDUSTRIALES Y SISTEMAS SCADA","EYAG1029       ","Facultad de Ingeniería en Electricidad y Computación","11A"
"DIRECCIÓN DE PROYECTOS INFORMÁTICOS","CCPG1041       ","Facultad de Ingeniería en Electricidad y Computación","11A"
"TERMOFLUIDOS","MECG1054       ","Facultad de Ingeniería en Mecánica y Ciencias de la Producción","12C"
"TIPOGRAFÍA","DIGG2036       ","Facultad de Arte, Diseño y Comunicación Audiovisual","14B"
"BIOLOGÍA CELULAR Y MOLECULAR","BIOG1021       ","Facultad de Ciencias de la Vida","3H "
"SISTEMAS DE CONTROL","EYAG1043       ","Facultad de Ingeniería en Electricidad y Computación","11D"
"SISTEMAS DISTRIBUIDOS Y COMPUTACIÓN EN LA NUBE","CCPG1055       ","Facultad de Ingeniería en Electricidad y Computación","11A"
"SISTEMAS DE REDES","TELG1040       ","Facultad de Ingeniería en Electricidad y Computación","FIEC"
"PLANIFICACIÓN DE SISTEMAS DE POTENCIA","ELEG1046       ","Facultad de Ingeniería en Electricidad y Computación","11F"
"INGENIERÍA DE SOFTWARE II","SOFG1008       ","Facultad de Ingeniería en Electricidad y Computación","FIEC"
"INGENIERÍA DE LA CONSTRUCCIÓN","CIVG1050       ","Facultad de Ingeniería en Ciencias de la Tierra","13H"
"ESTUDIO DE CASOS DE CIENCIAS SOCIALES","CCAG2022       ","Facultad de Ciencias Sociales y Humanísticas","9F "
"MATEMÁTICAS DISCRETAS","MATG1051       ","Facultad de Ciencias Naturales y Matemáticas","9M "
"SISTEMAS DIGITALES II","EYAG1045       ","Facultad de Ingeniería en Electricidad y Computación","11A"
"TRANSMISIÓN DE SERVICIOS MULTIMEDIA","TELG1042       ","Facultad de Ingeniería en Electricidad y Computación","11D"
"INTRODUCCIÓN A LA HISTORIA Y ETNOHISTORIA","HISG2002       ","Facultad de Ciencias Sociales y Humanísticas","9F "
"DISEÑO GRÁFICO II","DIGG2030       ","Facultad de Arte, Diseño y Comunicación Audiovisual","FADCOM"
"DISEÑO DE ELEMENTOS DE MÁQUINAS","MCTG1012       ","Facultad de Ingeniería en Mecánica y Ciencias de la Producción","12H"
"OPERACIONES UNITARIAS II","QUIG1045       ","Facultad de Ciencias Naturales y Matemáticas","9M "
"INTRODUCCIÓN A LA ANTROPOLOGÍA Y ARQUEOLOGÍA","ARQG2042       ","Facultad de Ciencias Sociales y Humanísticas","9F "
"ANIMACIÓN II","CADG2026       ","Facultad de Arte, Diseño y Comunicación Audiovisual","FADCOM"
"HISTORIA DEL ARTE","ARTG2028       ","Facultad de Arte, Diseño y Comunicación Audiovisual","14B"
"TERMODINÁMICA II","MECG1065       ","Facultad de Ciencias Naturales y Matemáticas","9M "
"ARTE Y CIENCIA","ARTG2023       ","Facultad de Arte, Diseño y Comunicación Audiovisual","FADCOM"
"AUTOMATIZACIÓN DE PROCESOS INDUSTRIALES","EYAG1028       ","Facultad de Ingeniería en Electricidad y Computación","11A"
"MÁQUINAS Y TRANSFORMADORES","ELEG1043       ","Facultad de Ingeniería en Electricidad y Computación","11D"
"NUTRICIÓN HUMANA Y METABOLISMO","NUTG2041       ","Facultad de Ciencias de la Vida","3H "
"DINÁMICA DE PROCESOS Y CONTROL","QUIG1046       ","Facultad de Ciencias Naturales y Matemáticas","8G "
"MATEMÁTICAS AVANZADAS","MATG1055       ","Facultad de Ciencias Naturales y Matemáticas","9M "
"ANIMACIÓN I","CADG2025       ","Facultad de Arte, Diseño y Comunicación Audiovisual","FADCOM"
"PLANIFICACIÓN DE ESPACIOS TURÍSTICOS","TURG2033       ","Facultad de Ciencias Sociales y Humanísticas","9F "
"DESARROLLO DE JUEGOS DE VIDEO","CCPG1040       ","Facultad de Ingeniería en Electricidad y Computación","FIEC"
"PROYECTO DE DISEÑO","DIGG2035       ","Facultad de Arte, Diseño y Comunicación Audiovisual","14B"
"AUDITORÍA OPERACIONAL","AUDG2030       ","Facultad de Ciencias Sociales y Humanísticas","9B "
"INVESTIGACIÓN DE OPERACIONES","INDG1041       ","Facultad de Ingeniería en Mecánica y Ciencias de la Producción","12H"
"DISEÑO DE PROCESOS TÉRMICOS II","ALIG1035       ","Facultad de Ingeniería en Mecánica y Ciencias de la Producción","12H"
"INVESTIGACIÓN APLICADA AL DISEÑO","DIGG2041       ","Facultad de Arte, Diseño y Comunicación Audiovisual","14B"
"MATERIA INTEGRADORA DE NUTRICIÓN Y DIETÉTICA","NUTG2031       ","Facultad de Ciencias de la Vida","3H "
"CONTABILIDAD AVANZADA","AUDG2032       ","Facultad de Ciencias Sociales y Humanísticas","9B "
"GESTIÓN DE LA RELACIÓN CON EL CLIENTE","TURG2028       ","Facultad de Ciencias Sociales y Humanísticas","9B "
"COMUNICACIONES INALÁMBRICAS","TELG1028       ","Facultad de Ingeniería en Electricidad y Computación","11A"
"ANÁLISIS DE REDES ELÉCTRICAS","ELEG1028       ","Facultad de Ingeniería en Electricidad y Computación","11D"
"EVALUACIÓN DE POLÍTICAS PÚBLICAS","ECOG2056       ","Facultad de Ciencias Sociales y Humanísticas","8B "
"DISEÑO DE PLANTAS","QUIG1047       ","Facultad de Ciencias Naturales y Matemáticas","9M "
"ANÁLISIS DE VALOR DE PRODUCTO","INDG1034       ","Facultad de Ingeniería en Mecánica y Ciencias de la Producción","12C"
"INTRODUCCIÓN A LA INGENIERÍA INDUSTRIAL","INDG1040       ","Facultad de Ingeniería en Mecánica y Ciencias de la Producción","12C"
"ANÁLISIS Y RESOLUCIÓN DE PROBLEMAS","INDG1033       ","ESCUELA SUPERIOR POLITECNICA DEL LITORAL","14B"
"COMPORTAMIENTO ORGANIZACIONAL","ADMG2025       ","Facultad de Ciencias Sociales y Humanísticas","9B "
"PATRIMONIO NATURAL Y CULTURAL","TURG2034       ","Facultad de Ciencias Sociales y Humanísticas","9B "
"FORMAS E HIDROSTÁTICA DEL BUQUE","NAVG1032       ","Facultad de Ingeniería Marítima y Ciencias del Mar","FIMCM"
"CONTROL AVANZADO","EYAG1030       ","Facultad de Ingeniería en Electricidad y Computación","11D"
"DESARROLLO DE APLICACIONES WEB Y MÓVILES","SOFG1006       ","Facultad de Ingeniería en Electricidad y Computación","11D"
"ECUACIONES DIFERENCIALES Y ÁLGEBRA LINEAL","MATG1048       ","Facultad de Ciencias Naturales y Matemáticas","9M "
"COMERCIO EXTERIOR","ADMG2024       ","Facultad de Ciencias Sociales y Humanísticas","9F "
"LEGISLACIÓN Y SOBERANÍA ALIMENTARIA","MEDG2017       ","Facultad de Ciencias de la Vida","3H "
"ATENCIÓN PLENA","INDG1059       ","Facultad de Ciencias Sociales y Humanísticas","9F "
"MATERIA INTEGRADORA DE INGENIERÍA QUÍMICA","QUIG1050       ","Facultad de Ciencias Naturales y Matemáticas","FCNM"
"SEGURIDAD Y SALUD OCUPACIONAL","INDG1054       ","Facultad de Ingeniería en Mecánica y Ciencias de la Producción","12C"
"DINÁMICA","MECG1042       ","Facultad de Ingeniería en Mecánica y Ciencias de la Producción","12C"
"FÍSICA: ELECTRICIDAD Y MAGNETISMO","FISG1006       ","Facultad de Ciencias Naturales y Matemáticas","9M "
"DESARROLLO SOSTENIBLE DEL TURISMO","TURG2023       ","Facultad de Ciencias Sociales y Humanísticas","FCSH"
"TALLER MECÁNICO","MECG1059       ","Facultad de Ingeniería en Mecánica y Ciencias de la Producción","12H"
"MODELOS ESTOCÁSTICOS PARA MANUFACTURA Y SERVICIOS","INDG1045       ","Facultad de Ingeniería en Mecánica y Ciencias de la Producción","12C"
"DISEÑO DE INFORMACIÓN","DIGG2025       ","Facultad de Arte, Diseño y Comunicación Audiovisual","14B"
"DIBUJO  I","ARTG2025       ","Facultad de Arte, Diseño y Comunicación Audiovisual","14B"
"PRODUCCIÓN EJECUTIVA","CADG2037       ","Facultad de Arte, Diseño y Comunicación Audiovisual","14B"
"COMUNICACIÓN","IDIG2012       ","ESCUELA SUPERIOR POLITECNICA DEL LITORAL","8G "
"CINÉTICA Y REACTORES","QUIG1043       ","Facultad de Ciencias Naturales y Matemáticas","9C "
"CÁLCULO VECTORIAL","MATG1046       ","Facultad de Ciencias Naturales y Matemáticas","9M "
"FÍSICA: MECÁNICA","FISG1005       ","Facultad de Ciencias Naturales y Matemáticas","9M "
"PLANIFICACIÓN DE LA PRODUCCIÓN","INDG1047       ","Facultad de Ingeniería en Mecánica y Ciencias de la Producción","12C"
"PROCESOS INDUSTRIALES","INDG1055       ","Facultad de Ingeniería en Mecánica y Ciencias de la Producción","12C"
"PRÁCTICA TRIBUTARIA","AUDG2041       ","Facultad de Ciencias Sociales y Humanísticas","9B "
"QUÍMICA INORGÁNICA","QUIG1033       ","Facultad de Ciencias Naturales y Matemáticas","9M "
"INVESTIGACIÓN DE MERCADOS","ADMG2035       ","Facultad de Ciencias Sociales y Humanísticas","FCSH"
"HISTORIA Y FILOSOFÍA DEL PENSAMIENTO ECONÓMICO","ECOG2069       ","Facultad de Ciencias Sociales y Humanísticas","FCSH"
"CONTROL INTERNO","AUDG2038       ","Facultad de Ciencias Sociales y Humanísticas","FCSH"
"METODOLOGÍAS PARA LA MEJORA CONTINUA","INDG1044       ","Facultad de Ingeniería en Mecánica y Ciencias de la Producción","12C"
"INSTRUMENTACIÓN INDUSTRIAL","EYAG1038       ","Facultad de Ingeniería en Electricidad y Computación","11A"
"DISEÑO Y MANUFACTURA ASISTIDA POR COMPUTADORA","MCTG1014       ","Facultad de Ingeniería en Mecánica y Ciencias de la Producción","12C"
"CONTABILIDAD III","AUDG2037       ","Facultad de Ciencias Sociales y Humanísticas","9B "
"DERECHO SOCIETARIO Y LABORAL","JURG2005       ","Facultad de Ciencias Sociales y Humanísticas","FCSH"
"AUDITORÍA FINANCIERA I","AUDG2027       ","Facultad de Ciencias Sociales y Humanísticas","FCSH"
"CÁLCULO DE UNA VARIABLE","MATG1045       ","Facultad de Ciencias Naturales y Matemáticas","9M "
"FENÓMENOS DE TRANSPORTE DE MOMENTUM","QUIG1039       ","Facultad de Ciencias Naturales y Matemáticas","9M "
"INTRODUCCIÓN A LA INGENIERÍA MECÁNICA","MECG1047       ","Facultad de Ingeniería en Mecánica y Ciencias de la Producción","12C"
"DISEÑO DE MARCA","DIGG2026       ","Facultad de Arte, Diseño y Comunicación Audiovisual","14B"
"ARTE Y TECNOLOGÍA","ARTG2024       ","Facultad de Arte, Diseño y Comunicación Audiovisual","14B"
"BIOÉTICA","NUTG2026       ","Facultad de Ciencias de la Vida","3H "
"DERECHO TURÍSTICO Y AMBIENTAL","TURG2022       ","Facultad de Ciencias Sociales y Humanísticas","9B "
"MUESTREO","ESTG1041       ","Facultad de Ciencias Naturales y Matemáticas","9M "
"ANÁLISIS NUTRICIONAL DE LOS ALIMENTOS","MEDG2013       ","Facultad de Ciencias de la Vida","3H "
"FENÓMENOS DE TRANSPORTE DE CALOR","QUIG1041       ","Facultad de Ciencias Naturales y Matemáticas","8G "
"ÁLGEBRA LINEAL","MATG1049       ","Facultad de Ciencias Naturales y Matemáticas","9M "
"CIENCIAS DE LA SOSTENIBILIDAD","ADSG1026       ","Facultad de Ciencias Naturales y Matemáticas","9M "
"TEORÍA DE LA COMUNICACIÓN","COMG2002       ","Facultad de Arte, Diseño y Comunicación Audiovisual","14B"
"SOCIOLOGÍA","CCAG2023       ","Facultad de Ciencias Sociales y Humanísticas","FCSH"
"FUNDAMENTOS DE INVERSIONES","ECOG2055       ","Facultad de Ciencias Sociales y Humanísticas","FCSH"
"CIENCIA E INGENIERÍA DE MATERIALES","MTRG1024       ","Facultad de Ingeniería en Mecánica y Ciencias de la Producción","12C"
"ESTADÍSTICA II","ESTG1037       ","Facultad de Ciencias Naturales y Matemáticas","9M "
"INGENIERÍA DE MÉTODOS","INDG1039       ","Facultad de Ingeniería en Mecánica y Ciencias de la Producción","12C"
"GESTIÓN DE RECURSOS HUMANOS","ADMG2034       ","Facultad de Ciencias Sociales y Humanísticas","9B "
"ESTADÍSTICA","ESTG2004       ","Facultad de Ciencias Naturales y Matemáticas","FCNM"
"GESTION DE CALIDAD, AMBIENTE Y SEGURIDAD EN LA INDUSTRIA","ADSG1025       ","Facultad de Ciencias Naturales y Matemáticas","8G "
"ANÁLISIS FINANCIERO","ECOG2042       ","Facultad de Ciencias Sociales y Humanísticas","9B "
"PLANIFICACIÓN Y CONTROL FINANCIERO","ECOG2066       ","Facultad de Ciencias Sociales y Humanísticas","9C "
"AUDITORÍA TRIBUTARIA","AUDG2031       ","Facultad de Ciencias Sociales y Humanísticas","FCSH"
"QUÍMICA GENERAL","QUIG1032       ","Facultad de Ciencias Naturales y Matemáticas","9M "
"CONTABILIDAD II","AUDG2036       ","Facultad de Ciencias Sociales y Humanísticas","9B "
"PLANIFICACIÓN ESTRATÉGICA","ADMG2036       ","Facultad de Ciencias Sociales y Humanísticas","9F "
"DIRECCIÓN ESCÉNICA","CADG2028       ","Facultad de Arte, Diseño y Comunicación Audiovisual","14B"
"MATEMÁTICAS","MATG2009       ","Facultad de Ciencias Naturales y Matemáticas","14B"
"AUDITORÍA FINANCIERA II","AUDG2028       ","Facultad de Ciencias Sociales y Humanísticas","FCSH"
"DERECHO TRIBUTARIO","JURG2006       ","Facultad de Ciencias Sociales y Humanísticas","FCSH"
"LOGÍSTICA EN SERVICIO","LOGG1026       ","Facultad de Ciencias Naturales y Matemáticas","9M "
"FUNDAMENTOS DE ADMINISTRACIÓN","ADMG2029       ","Facultad de Ciencias Sociales y Humanísticas","9B "
"PRONÓSTICO Y CONTROL DE INVENTARIO","INDG1056       ","Facultad de Ingeniería en Mecánica y Ciencias de la Producción","12C"
"QUÍMICA ANALÍTICA E INSTRUMENTAL","QUIG1040       ","Facultad de Ciencias Naturales y Matemáticas","9M "
"CRECIMIENTO Y DESARROLLO ECONÓMICO","ECOG2043       ","Facultad de Ciencias Sociales y Humanísticas","9B "
"QUÍMICA ORGÁNICA I","QUIG1036       ","Facultad de Ciencias Naturales y Matemáticas","9M "
"DESARROLLO PROFESIONAL","ADMG2027       ","Facultad de Ciencias Sociales y Humanísticas","9B "
"FORMULACION Y EVALUACIÓN SOCIAL DE PROYECTOS","ECOG2057       ","Facultad de Ciencias Sociales y Humanísticas","9F "
"MICROECONOMÍA III","ECOG2060       ","Facultad de Ciencias Sociales y Humanísticas","9F "
"MICROECONOMÍA III","ECOG2060       ","Facultad de Ciencias Sociales y Humanísticas","FCSH"
"AUDITORÍA FORENSE","AUDG2029       ","Facultad de Ciencias Sociales y Humanísticas","FCSH"
"DISEÑO DE PLANTAS","INDG1035       ","Facultad de Ingeniería en Mecánica y Ciencias de la Producción","12H"
"AUDITORÍA DE SISTEMAS DE INFORMACIÓN","CCPG1059       ","Facultad de Ingeniería en Electricidad y Computación","9B "
"INTRODUCCIÓN A LAS TÉCNICAS DE AUDITORÍA","AUDG2043       ","Facultad de Ciencias Sociales y Humanísticas","9C "
"GESTIÓN TRIBUTARIA","ECOG2065       ","Facultad de Ciencias Sociales y Humanísticas","FCSH"
"HISTORIA DEL DISEÑO","DIGG2033       ","Facultad de Arte, Diseño y Comunicación Audiovisual","14B"
"ROBOTS MÓVILES Y ARTICULADOS","MCTG1021       ","Facultad de Ingeniería en Mecánica y Ciencias de la Producción","12H"
"FUNDAMENTOS DE AUDITORÍA","AUDG2039       ","Facultad de Ciencias Sociales y Humanísticas","9F "
"SEMIÓTICA","CCAG2021       ","Facultad de Arte, Diseño y Comunicación Audiovisual","FADCOM"
"DERECHO ECONÓMICO","JURG2004       ","Facultad de Ciencias Sociales y Humanísticas","9F "
"ECONOMETRÍA I","ECOG2044       ","Facultad de Ciencias Sociales y Humanísticas","FCSH"
"OPERACIÓN DE SISTEMAS DE POTENCIA","ELEG1044       ","Facultad de Ingeniería en Electricidad y Computación","11D"
"GESTIÓN DE MARKETING","ADMG2033       ","Facultad de Ciencias Sociales y Humanísticas","9B "
"SISTEMAS FLEXIBLES DE MANUFACTURA","MCTG1020       ","Facultad de Ingeniería en Mecánica y Ciencias de la Producción","12H"
"GESTION DE PROYECTOS II","ADMP1090       ","Escuela de Postgrado en Administración de Empresas","BLOQUE A"
"MÚSICA FOLCLÓRICA LATINOAMERICANA","ARTG2040       ","Facultad de Arte, Diseño y Comunicación Audiovisual","14B"
"MATERIA INTEGRADORA DE DISEÑO GRÁFICO","DIGG2034       ","Facultad de Arte, Diseño y Comunicación Audiovisual","14B"
"MINERALOGÍA","GEOG1041       ","Facultad de Ingeniería en Ciencias de la Tierra","13H"
"MATERIA INTEGRADORA DE INGENIERÍA INDUSTRIAL","INDG1043       ","Facultad de Ingeniería en Mecánica y Ciencias de la Producción","12H"
"MACROECONOMÍA III","ECOG2059       ","Facultad de Ciencias Sociales y Humanísticas","8E "
"MATERIA INTEGRADORA DE TELEMÁTICA","TLMG1031       ","Facultad de Ingeniería en Electricidad y Computación","FIEC"
"SISTEMAS DE INFORMACIÓN GEOGRÁFICA","GEOG1047       ","Facultad de Ingeniería en Ciencias de la Tierra","13H"
"TÉCNICAS CULINARIAS","NUTG2043       ","Facultad de Ciencias de la Vida","3H "
"PRESUPUESTO","ECOG2054       ","Facultad de Ciencias Sociales y Humanísticas","FCSH"
"MATERIA INTEGRADORA DE ELECTRÓNICA Y AUTOMATIZACIÓN","EYAG1039       ","Facultad de Ingeniería en Electricidad y Computación","VRA"
"RESISTENCIA DE MATERIALES","CIVG1056       ","Facultad de Ingeniería en Ciencias de la Tierra","13H"
"PORTAFOLIO","DING2037       ","Facultad de Arte, Diseño y Comunicación Audiovisual","14B"
"PINTURA","ARTG2042       ","Facultad de Arte, Diseño y Comunicación Audiovisual","14B"
"ESTRATEGIAS CORPORATIVAS Y DE NEGOCIOS","ADMG2028       ","Facultad de Ciencias Sociales y Humanísticas","9F "
"ANTROPOLOGÍA NUTRICIONAL","MEDG2012       ","Facultad de Ciencias de la Vida","BLOQUE VIRTUAL"
"SISTEMAS DIGITALES II","EYAG1045       ","Facultad de Ingeniería en Electricidad y Computación","11D"
"MECÁNICA DE SÓLIDOS","MECG1050       ","Facultad de Ingeniería en Mecánica y Ciencias de la Producción","12C"
"MANTENIMIENTO INDUSTRIAL","MECG1048       ","Facultad de Ingeniería en Mecánica y Ciencias de la Producción","12C"
"DESARROLLO ORGANIZACIONAL","ADMG2026       ","Facultad de Ciencias Sociales y Humanísticas","9F "
"GESTIÓN DE LA RELACIÓN CON EL CLIENTE","TURG2028       ","Facultad de Ciencias Sociales y Humanísticas","9F "
"PROYECTO AUDIOVISUAL I","CADG2039       ","Facultad de Arte, Diseño y Comunicación Audiovisual","14B"
"SOCIOLOGÍA","CCAG2023       ","Facultad de Ciencias Sociales y Humanísticas","9B "
"ECONOMETRÍA III","ECOG2046       ","Facultad de Ciencias Sociales y Humanísticas","9C "
"METODOLOGÍA DE LA INVESTIGACIÓN EN COMPUTACIÓN","CCPG1048       ","Facultad de Ingeniería en Electricidad y Computación","FIEC"
"TERMODINÁMICA I","MECG1064       ","Facultad de Ciencias Naturales y Matemáticas","9M "
"CINÉTICA Y REACTORES","QUIG1043       ","Facultad de Ciencias Naturales y Matemáticas","9I "
"HISTORIA Y FILOSOFÍA DEL PENSAMIENTO ECONÓMICO","ECOG2069       ","Facultad de Ciencias Sociales y Humanísticas","9F "
"SISTEMAS DIGITALES I","EYAG1044       ","Facultad de Ingeniería en Electricidad y Computación","11D"
"TERMODINÁMICA","MECG1061       ","Facultad de Ingeniería en Mecánica y Ciencias de la Producción","12H"
"QUÍMICA ORGÁNICA II","QUIG1038       ","Facultad de Ciencias Naturales y Matemáticas","8G "
"INSTALACIONES ELÉCTRICAS","ELEG1038       ","Facultad de Ingeniería en Electricidad y Computación","11D"
"PROYECTOS INDUSTRIALES","INDG1048       ","Facultad de Ingeniería en Mecánica y Ciencias de la Producción","12C"
"SEGURIDAD DE LA INFORMACIÓN","CCPG1053       ","Facultad de Ingeniería en Electricidad y Computación","11D"
"SISTEMAS DE CONTROL DE PRODUCCIÓN","INDG1053       ","Facultad de Ingeniería en Mecánica y Ciencias de la Producción","12C"
"MICROECONOMÍA I","ECOG2064       ","Facultad de Ciencias Sociales y Humanísticas","8F "
"REDES DE DATOS","TLMG1032       ","Facultad de Ingeniería en Electricidad y Computación","11B"
"APLICACIONES ELECTRÓNICAS","EYAG1027       ","Facultad de Ingeniería en Electricidad y Computación","11D"
"INGLÉS IV","IDIG1009       ","Facultad de Ciencias Sociales y Humanísticas","9F "
"COMUNICACIÓN","IDIG2012       ","ESCUELA SUPERIOR POLITECNICA DEL LITORAL","9I "
"SISTEMAS EMBEBIDOS","EYAG1046       ","Facultad de Ingeniería en Electricidad y Computación","11A"
"MICROECONOMÍA II","ECOG2062       ","Facultad de Ciencias Sociales y Humanísticas","9F "
"DISEÑO DE SISTEMAS MECÁNICOS","MECG1043       ","Facultad de Ingeniería en Mecánica y Ciencias de la Producción","12C"
"DIBUJO PARA INGENIERÍA","MECG1041       ","Facultad de Ingeniería en Mecánica y Ciencias de la Producción","12H"
"FUNDAMENTOS DE PROGRAMACIÓN","CCPG1043       ","Facultad de Ingeniería en Electricidad y Computación","11D"
"MATEMÁTICAS FINANCIERAS","MATG2008       ","Facultad de Ciencias Sociales y Humanísticas","9F "
"SISTEMAS OPERATIVOS","CCPG1056       ","Facultad de Ingeniería en Electricidad y Computación","11A"
"PROGRAMACIÓN ORIENTADA A OBJETOS","CCPG1052       ","Facultad de Ingeniería en Electricidad y Computación","11B"
"PROGRAMACIÓN DE SISTEMAS","CCPG1051       ","Facultad de Ingeniería en Electricidad y Computación","11C"
"ORGANIZACIÓN DE COMPUTADORES","CCPG1049       ","Facultad de Ingeniería en Electricidad y Computación","11D"
"SISTEMAS DE CONTROL APLICADOS","MECG1055       ","Facultad de Ingeniería en Mecánica y Ciencias de la Producción","12C"
"INTRODUCCIÓN A LA ECONOMÍA","ECOG2067       ","Facultad de Ciencias Sociales y Humanísticas","9B "
"PROGRAMACIÓN DE SISTEMAS TELEMÁTICOS","TLMG1037       ","Facultad de Ingeniería en Electricidad y Computación","11D"
"ADMINISTRACIÓN LOGÍSTICA","INDG1060       ","Facultad de Ingeniería en Mecánica y Ciencias de la Producción","9B "
"FUNDAMENTOS DE MARKETING","ADMG2030       ","Facultad de Ciencias Sociales y Humanísticas","9F "
"ECONOMETRÍA II","ECOG2045       ","Facultad de Ciencias Sociales y Humanísticas","9F "
"CONTABILIDAD DE COSTOS","AUDG2033       ","Facultad de Ciencias Sociales y Humanísticas","8E "
"GESTIÓN DE LA CADENA DE SUMINISTRO SOSTENIBLE","INDG1037       ","Facultad de Ingeniería en Mecánica y Ciencias de la Producción","12C"
"TERMOFLUIDOS","MECG1054       ","Facultad de Ingeniería en Mecánica y Ciencias de la Producción","12H"
"ARTE Y CIENCIA","ARTG2023       ","Facultad de Arte, Diseño y Comunicación Audiovisual","14B"
"SISTEMAS DISTRIBUIDOS Y COMPUTACIÓN EN LA NUBE","CCPG1055       ","Facultad de Ingeniería en Electricidad y Computación","11D"
"ANÁLISIS Y RESOLUCIÓN DE PROBLEMAS","INDG1033       ","ESCUELA SUPERIOR POLITECNICA DEL LITORAL","11D"
"GESTIÓN DE PROYECTOS","ADMG2037       ","Facultad de Ciencias Sociales y Humanísticas","FCSH"
"FÍSICA: ELECTRÓNICA Y ÓPTICA","FISG1007       ","Facultad de Ciencias Naturales y Matemáticas","9M "
"DERECHO SOCIETARIO Y LABORAL","JURG2005       ","Facultad de Ciencias Sociales y Humanísticas","9F "
"FISICOQUÍMICA","QUIG1034       ","Facultad de Ciencias Naturales y Matemáticas","9M "
"MÉTODOS NUMÉRICOS","MATG1052       ","Facultad de Ciencias Naturales y Matemáticas","9C "
"ADMINISTRACIÓN DE OPERACIONES","ADMG2022       ","Facultad de Ciencias Sociales y Humanísticas","9F "
"DISEÑO ESTRATÉGICO","DIGG2028       ","Facultad de Arte, Diseño y Comunicación Audiovisual","14B"
"AGENCIAS DE VIAJE","TURG2018       ","Facultad de Ciencias Sociales y Humanísticas","9B "
"EMPRENDIMIENTO E INNOVACIÓN","ADMG1005       ","ESCUELA SUPERIOR POLITECNICA DEL LITORAL","13B"
"CÁLCULO DE VARIAS VARIABLES","MATG1047       ","Facultad de Ciencias Naturales y Matemáticas","9M "
"ANÁLISIS FINANCIERO","ECOG2042       ","Facultad de Ciencias Sociales y Humanísticas","9F "
"FÍSICA: TERMODINÁMICA Y ELECTRÓNICA","FISG1008       ","Facultad de Ciencias Naturales y Matemáticas","9M "
"COMPORTAMIENTO ORGANIZACIONAL","ADMG2025       ","Facultad de Ciencias Sociales y Humanísticas","9F "
"EMPRENDIMIENTO E INNOVACIÓN","ADMG1005       ","ESCUELA SUPERIOR POLITECNICA DEL LITORAL","9B "
"FINANZAS INTERNACIONALES","ECOG2051       ","Facultad de Ciencias Sociales y Humanísticas","9B "
"INGENIERÍA DE LA CALIDAD","INDG1057       ","Facultad de Ingeniería en Mecánica y Ciencias de la Producción","12C"
"MATEMÁTICA APLICADA A LA INGENIERÍA","MATG1053       ","Facultad de Ciencias Naturales y Matemáticas","9I "
"FUNDAMENTOS DE PROGRAMACIÓN","CCPG1043       ","Facultad de Ingeniería en Electricidad y Computación","8G "
"ESTUDIO DE CASOS DE CIENCIAS SOCIALES","CCAG2022       ","Facultad de Ciencias Sociales y Humanísticas","9B "
"ESTADÍSTICA","ESTG1034       ","Facultad de Ciencias Naturales y Matemáticas","9M "
"CONTABILIDAD DE COSTOS","AUDG2033       ","Facultad de Ciencias Sociales y Humanísticas","9B "
"MECÁNICA DE FLUIDOS","MECG1049       ","Facultad de Ingeniería en Mecánica y Ciencias de la Producción","FIMCP"
"SOCIOLOGÍA","CCAG2023       ","Facultad de Ciencias Sociales y Humanísticas","9F "
"CONTABILIDAD FINANCIERA","AUDG2034       ","Facultad de Ciencias Sociales y Humanísticas","9B "
"FUNDAMENTOS DE INVERSIONES","ECOG2055       ","Facultad de Ciencias Sociales y Humanísticas","9B "
"ANÁLISIS Y RESOLUCIÓN DE PROBLEMAS","INDG1033       ","ESCUELA SUPERIOR POLITECNICA DEL LITORAL","12C"
"COMUNICACIÓN","IDIG2012       ","ESCUELA SUPERIOR POLITECNICA DEL LITORAL","VRA"
"ADMINISTRACIÓN DE OPERACIONES","ADMG2022       ","Facultad de Ciencias Sociales y Humanísticas","9C "
"CÁLCULO DE UNA VARIABLE","MATG1045       ","Facultad de Ciencias Naturales y Matemáticas","8G "
"FUNDAMENTOS DE ADMINISTRACIÓN","ADMG2029       ","Facultad de Ciencias Sociales y Humanísticas","9F "
"INTRODUCCIÓN A LA ECONOMÍA","ECOG2067       ","Facultad de Ciencias Sociales y Humanísticas","8E "
"EMPRENDIMIENTO E INNOVACIÓN","ADMG1005       ","ESCUELA SUPERIOR POLITECNICA DEL LITORAL","11D"
"FUNDAMENTOS DE PROGRAMACIÓN","CCPG1043       ","Facultad de Ingeniería en Electricidad y Computación","7A "
"MECÁNICA DE MAQUINARIA","MECG1051       ","Facultad de Ingeniería en Mecánica y Ciencias de la Producción","12C"
"ANÁLISIS Y RESOLUCIÓN DE PROBLEMAS","INDG1033       ","ESCUELA SUPERIOR POLITECNICA DEL LITORAL","8G "
"MECÁNICA DE FLUIDOS","MECG1049       ","Facultad de Ingeniería en Mecánica y Ciencias de la Producción","12H"
"EMPRENDIMIENTO E INNOVACIÓN","ADMG1005       ","ESCUELA SUPERIOR POLITECNICA DEL LITORAL","14B"
"FUNDAMENTOS DE PROGRAMACIÓN","CCPG1043       ","Facultad de Ingeniería en Electricidad y Computación","8H "
"ANÁLISIS Y RESOLUCIÓN DE PROBLEMAS","INDG1033       ","ESCUELA SUPERIOR POLITECNICA DEL LITORAL","13B"
"CHINO-MANDARÍN I","IDIG2013       ","Facultad de Ciencias Sociales y Humanísticas","8F "
"INGLÉS V","IDIG1010       ","Facultad de Ciencias Sociales y Humanísticas","8F "
"FRANCÉS I","IDIG2016       ","Facultad de Ciencias Sociales y Humanísticas","8F "
"INTRODUCCIÓN A LA ECONOMÍA","ECOG2067       ","Facultad de Ciencias Sociales y Humanísticas","8F "
"INGLÉS II","IDIG1007       ","Facultad de Ciencias Sociales y Humanísticas","8E "
"INGLÉS IV","IDIG1009       ","Facultad de Ciencias Sociales y Humanísticas","8E "
"INGLÉS III","IDIG1008       ","Facultad de Ciencias Sociales y Humanísticas","8E "
"INGLÉS I","IDIG1006       ","Facultad de Ciencias Sociales y Humanísticas","8E "
"ANÁLISIS Y RESOLUCIÓN DE PROBLEMAS","INDG1033       ","ESCUELA SUPERIOR POLITECNICA DEL LITORAL","5K "
"FUNDAMENTOS DE PROGRAMACIÓN","CCPG1043       ","Facultad de Ingeniería en Electricidad y Computación","FIEC"
"ANÁLISIS Y RESOLUCIÓN DE PROBLEMAS","INDG1033       ","ESCUELA SUPERIOR POLITECNICA DEL LITORAL","9M "
"EMPRENDIMIENTO E INNOVACIÓN","ADMG1005       ","ESCUELA SUPERIOR POLITECNICA DEL LITORAL","7B "
"MATEMÁTICAS FINANCIERAS","MATG2008       ","Facultad de Ciencias Sociales y Humanísticas","8E "
"EMPRENDIMIENTO E INNOVACIÓN","ADMG1005       ","ESCUELA SUPERIOR POLITECNICA DEL LITORAL","12C"
"INGLÉS V","IDIG1010       ","Facultad de Ciencias Sociales y Humanísticas","9F "
"INGLÉS I","IDIG1006       ","Facultad de Ciencias Sociales y Humanísticas","9F "
"INGLÉS I","IDIG1006       ","Facultad de Ciencias Sociales y Humanísticas","9B "
"INGLÉS II","IDIG1007       ","Facultad de Ciencias Sociales y Humanísticas","9B "
"CIENCIAS DE LA SOSTENIBILIDAD","ADSG1026       ","Facultad de Ciencias Naturales y Matemáticas","8G "
"INGLÉS III","IDIG1008       ","Facultad de Ciencias Sociales y Humanísticas","9F "
"ANÁLISIS Y RESOLUCIÓN DE PROBLEMAS","INDG1033       ","ESCUELA SUPERIOR POLITECNICA DEL LITORAL","9B "
"ANÁLISIS Y RESOLUCIÓN DE PROBLEMAS","INDG1033       ","ESCUELA SUPERIOR POLITECNICA DEL LITORAL","9G "
"INGLÉS IV","IDIG1009       ","Facultad de Ciencias Sociales y Humanísticas","9B "
"FÍSICA: MECÁNICA","FISG1005       ","Facultad de Ciencias Naturales y Matemáticas","9I "
"FUNDAMENTOS DE PROGRAMACIÓN","CCPG1043       ","Facultad de Ingeniería en Electricidad y Computación","FCNM"
"EMPRENDIMIENTO E INNOVACIÓN","ADMG1005       ","ESCUELA SUPERIOR POLITECNICA DEL LITORAL","5K "
"ANÁLISIS Y RESOLUCIÓN DE PROBLEMAS","INDG1033       ","ESCUELA SUPERIOR POLITECNICA DEL LITORAL","8H "
"CÁLCULO DE UNA VARIABLE","MATG1045       ","Facultad de Ciencias Naturales y Matemáticas","9G "
"CÁLCULO DE UNA VARIABLE","MATG1045       ","Facultad de Ciencias Naturales y Matemáticas","9I "
"FUNDAMENTOS DE PROGRAMACIÓN","CCPG1043       ","Facultad de Ingeniería en Electricidad y Computación","FCV"
"ANÁLISIS Y RESOLUCIÓN DE PROBLEMAS","INDG1033       ","ESCUELA SUPERIOR POLITECNICA DEL LITORAL","7B "
"FUNDAMENTOS DE PROGRAMACIÓN","CCPG1043       ","Facultad de Ingeniería en Electricidad y Computación","FCSH"
"DIAGNÓSTICO Y PROTECCIÓN VEGETAL I","AGRG1025       ","Facultad de Ciencias de la Vida","GEA"
"GENOTECNIA","MEDG1022       ","Facultad de Ciencias de la Vida","GEA"
"EXTENSIONISMO","CCAG1002       ","Facultad de Ciencias de la Vida","GEA"
"RIEGO Y DRENAJE","AGRG1035       ","Facultad de Ciencias de la Vida","GEA"
"PRODUCCIÓN PECUARIA II","AGRG1038       ","Facultad de Ciencias de la Vida","GEA"
"ELECTRÓNICA","EYAG1034       ","Facultad de Ingeniería en Electricidad y Computación","11C"
"APLICACIONES ELECTRÓNICAS","EYAG1027       ","Facultad de Ingeniería en Electricidad y Computación","11C"
"PRINCIPIOS DE ELECTRÓNICA","EYAG1040       ","Facultad de Ingeniería en Electricidad y Computación","11A"
"FERMENTACIÓN Y ENZIMOLOGÍA ALIMENTARIA","ALIG1036       ","Facultad de Ingeniería en Mecánica y Ciencias de la Producción","12G"
"PRINCIPIOS DE ELECTRÓNICA","EYAG1040       ","Facultad de Ingeniería en Electricidad y Computación","11C"
"PROCESAMIENTO DE FRUTAS Y VEGETALES","ALIG1044       ","Facultad de Ingeniería en Mecánica y Ciencias de la Producción","12G"
"PROCESAMIENTO DE CÁRNICOS, PESCADOS Y MARISCOS","ALIG1046       ","Facultad de Ingeniería en Mecánica y Ciencias de la Producción","12G"
"PROCESAMIENTO DE LÁCTEOS","ALIG1045       ","Facultad de Ingeniería en Mecánica y Ciencias de la Producción","12G"
"INVESTIGACIÓN II","CCAG1004       ","ESCUELA SUPERIOR POLITECNICA DEL LITORAL","AULAS EDCOM"
"INVESTIGACIÓN I","CCAG1003       ","ESCUELA SUPERIOR POLITECNICA DEL LITORAL","AULAS EDCOM"
"","","",""
"","","",""
"","","",""
"","","",""
"","","",""
"","","",""
"","","",""
"","","",""
